{
"lengthUnit": "mil",
"remark": [],
"components": {
	"fields": ["COMPONENT_NO", "COMPONENT_NAME", "LAYER", "X_COORDINATE", "Y_COORDINATE", "ANGLE"],
	"rows": [
		[1, "C1", "T", 430, -5, 180],
		[2, "C2", "T", 365, -265, 180],
		[3, "C3", "T", 365, -335, 180],
		[4, "C4", "T", -425, 450, 90],
		[5, "C5", "T", -495, 450, 90],
		[6, "C6", "T", 230, 305, 270],
		[7, "C7", "T", 0, 335, 0],
		[8, "C8", "T", 35, 410, 180],
		[9, "C9", "T", 35, 480, 180],
		[10, "C10", "T", -130, 335, 0],
		[11, "C12", "T", -275, 260, 0],
		[12, "C13", "T", -275, 330, 0],
		[13, "C14", "T", -155, -335, 0],
		[14, "C15", "T", 235, -265, 180],
		[15, "C16", "T", 130, 335, 180],
		[16, "C17", "T", -400, -170, 0],
		[17, "C20", "T", 330, 30, 90],
		[18, "C21", "T", 235, -335, 180],
		[19, "C42", "T", -400, -75, 180],
		[20, "C52", "T", 545, 200, 90],
		[21, "C70", "T", -400, 175, 180],
		[22, "C71", "T", 305, 450, 90],
		[23, "C72", "T", 375, 450, 90],
		[24, "C73", "T", -454.39, -410.213, 0],
		[25, "C74", "T", -110, -445, 90],
		[26, "C75", "T", -185, -445, 90],
		[27, "C76", "T", -454.39, -480.213, 0],
		[28, "H1", "B", 344.0551, -723.8189, 270],
		[29, "H2", "B", 435.9449, -723.8189, 270],
		[30, "H3", "B", -723.7997, 137.7953, 180],
		[31, "H4", "B", -723.7997, 45.9318, 180],
		[32, "H5", "B", -723.7997, -45.9318, 180],
		[33, "H6", "B", -723.7997, -137.7953, 180],
		[34, "H7", "B", 45.9449, 723.8189, 270],
		[35, "H8", "B", -45.9449, 723.8189, 270],
		[36, "H9", "B", 723.8189, -344.0551, 180],
		[37, "H10", "B", 723.8189, -435.9449, 180],
		[38, "LED1", "T", -720, -480, 180],
		[39, "R1", "T", 445, 450, 90],
		[40, "R2", "T", 430, 60, 0],
		[41, "R3", "T", 355, -605, 180],
		[42, "R4", "T", -355, -605, 0],
		[43, "R5", "T", -470, 295, 0],
		[44, "R6", "T", -470, 355, 0],
		[45, "R7", "T", -30, -335, 180],
		[46, "R8", "T", 110, -335, 0],
		[47, "R9", "T", -375, 295, 90],
		[48, "R10", "T", -220, 465, 90],
		[49, "R12", "T", -444, -284, 270],
		[50, "R13", "T", -384, -284, 270],
		[51, "R14", "T", -324, -284, 270],
		[52, "R15", "T", 25, -445, 270],
		[53, "R16", "T", -40, -445, 90],
		[54, "R17", "T", 155, -445, 270],
		[55, "R18", "T", 90, -445, 90],
		[56, "SCREW1", "T", 600.3937, 600.3937, 0],
		[57, "SCREW2", "T", -600.3937, -600.3937, 0],
		[58, "SCREW3", "T", 600.3937, -600.3937, 0],
		[59, "SCREW4", "T", -600.3937, 600.3937, 0],
		[60, "SW1", "T", 385, 180, 0],
		[61, "SW2", "T", 385, 315, 0],
		[62, "SW3", "T", 354.3307, -708.6614, 180],
		[63, "SW4", "T", -354.3307, -708.6614, 0],
		[64, "U1", "T", 368.7008, -137.7953, 270],
		[65, "U2", "T", -320, 450, 0],
		[66, "U4", "T", -110, 450, 0],
		[67, "U5", "T", -35, 5, 270],
		[68, "U6", "B", 25, -40, 270],
		[69, "U7", "T", 0, -655, 0],
		[70, "U44", "T", 657.2788, 354.3307, 90],
		[71, "U45", "T", -658.451, 299.9606, 270],
		[72, "U46", "T", -658.451, -299.9606, 270],
		[73, "U49", "T", -354.3307, 657.2788, 180],
		[74, "U50", "T", -658.451, 0, 270],
		[75, "U52", "T", 185, 445, 0],
		[76, "U53", "T", -305, -445, 180],
		[77, "U59", "T", 657.2788, -354.3307, 90],
		[78, "U60", "T", 354.3307, 657.2788, 180],
		[79, "U61", "T", 655, 0, 90],
		[80, "U62", "T", 0, 655, 180],
		[81, "X3", "T", -400, 50, 270],
		[82, "PAD1", "T", 402.44, -5, 0],
		[83, "PAD2", "T", 457.56, -5, 0],
		[84, "PAD3", "T", 337.44, -265, 0],
		[85, "PAD4", "T", 392.56, -265, 0],
		[86, "PAD5", "T", 337.44, -335, 0],
		[87, "PAD6", "T", 392.56, -335, 0],
		[88, "PAD7", "T", -425, 477.56, 0],
		[89, "PAD8", "T", -425, 422.44, 0],
		[90, "PAD9", "T", -495, 477.56, 0],
		[91, "PAD10", "T", -495, 422.44, 0],
		[92, "PAD11", "T", 7.44, 410, 0],
		[93, "PAD12", "T", 62.56, 410, 0],
		[94, "PAD13", "T", 7.44, 480, 0],
		[95, "PAD14", "T", 62.56, 480, 0],
		[96, "PAD15", "T", -102.44, 335, 0],
		[97, "PAD16", "T", -157.56, 335, 0],
		[98, "PAD17", "T", -375, 324.66, 0],
		[99, "PAD18", "T", -375, 265.34, 0],
		[100, "PAD19", "T", -220, 494.66, 0],
		[101, "PAD20", "T", -220, 435.34, 0],
		[102, "PAD21", "T", 398.2308, -88.1103, 0],
		[103, "PAD22", "T", 328.8408, -118.1103, 0],
		[104, "PAD23", "T", 328.8408, -137.7903, 0],
		[105, "PAD24", "T", 328.8408, -157.4803, 0],
		[106, "PAD25", "T", 339.1708, -187.4803, 0],
		[107, "PAD26", "T", 398.2308, -187.4803, 0],
		[108, "PAD27", "T", 408.5608, -157.4803, 0],
		[109, "PAD28", "T", 408.5608, -137.7903, 0],
		[110, "PAD29", "T", 408.5608, -118.1103, 0],
		[111, "PAD30", "T", -288.5, 488.6, 0],
		[112, "PAD31", "T", -288.5, 437, 0],
		[113, "PAD32", "T", -288.5, 411.4, 0],
		[114, "PAD33", "T", -351.5, 488.6, 0],
		[115, "PAD34", "T", -351.5, 463, 0],
		[116, "PAD35", "T", -351.5, 437, 0],
		[117, "PAD36", "T", -351.5, 411.4, 0],
		[118, "PAD37", "T", -144.45, 440.16, 0],
		[119, "PAD38", "T", -144.45, 459.84, 0],
		[120, "PAD39", "T", -139.53, 484.45, 0],
		[121, "PAD40", "T", -119.84, 484.45, 0],
		[122, "PAD41", "T", -75.55, 459.84, 0],
		[123, "PAD42", "T", -75.55, 440.16, 0],
		[124, "PAD43", "T", -80.47, 415.55, 0],
		[125, "PAD44", "T", -100.16, 415.55, 0],
		[126, "PAD45", "T", -119.84, 415.55, 0],
		[127, "PAD46", "T", -139.53, 415.55, 0],
		[128, "PAD47", "T", -600.3937, 600.3937, 0],
		[129, "PAD47", "B", -600.3937, 600.3937, 0],
		[130, "PAD48", "T", -247.44, 260, 0],
		[131, "PAD49", "T", -302.56, 260, 0],
		[132, "PAD50", "T", -247.44, 330, 0],
		[133, "PAD51", "T", -302.56, 330, 0],
		[134, "PAD52", "T", -127.44, -335, 0],
		[135, "PAD53", "T", -182.56, -335, 0],
		[136, "PAD54", "T", 207.44, -265, 0],
		[137, "PAD55", "T", 262.56, -265, 0],
		[138, "PAD56", "T", 102.44, 335, 0],
		[139, "PAD57", "T", 157.56, 335, 0],
		[140, "PAD58", "T", -372.44, -170, 0],
		[141, "PAD59", "T", -427.56, -170, 0],
		[142, "PAD60", "T", 330, 57.56, 0],
		[143, "PAD61", "T", 330, 2.44, 0],
		[144, "PAD62", "T", 207.44, -335, 0],
		[145, "PAD63", "T", 262.56, -335, 0],
		[146, "PAD64", "T", -427.56, -75, 0],
		[147, "PAD65", "T", -372.44, -75, 0],
		[148, "PAD66", "T", 545, 227.56, 0],
		[149, "PAD67", "T", 545, 172.44, 0],
		[150, "PAD68", "T", -427.56, 175, 0],
		[151, "PAD69", "T", -372.44, 175, 0],
		[152, "PAD70", "B", 344.0551, -723.8189, 0],
		[153, "PAD71", "B", 435.9449, -723.8189, 0],
		[154, "PAD72", "T", -750.515, -464.25, 0],
		[155, "PAD73", "T", -689.485, -464.25, 0],
		[156, "PAD74", "T", -750.515, -495.75, 0],
		[157, "PAD75", "T", -689.485, -495.75, 0],
		[158, "PAD76", "T", 445, 479.66, 0],
		[159, "PAD77", "T", 445, 420.34, 0],
		[160, "PAD78", "T", 459.66, 60, 0],
		[161, "PAD79", "T", 400.34, 60, 0],
		[162, "PAD80", "T", 325.34, -605, 0],
		[163, "PAD81", "T", 384.66, -605, 0],
		[164, "PAD82", "T", -325.34, -605, 0],
		[165, "PAD83", "T", -384.66, -605, 0],
		[166, "PAD84", "T", -440.34, 295, 0],
		[167, "PAD85", "T", -499.66, 295, 0],
		[168, "PAD86", "T", -440.34, 355, 0],
		[169, "PAD87", "T", -499.66, 355, 0],
		[170, "PAD88", "T", -59.66, -335, 0],
		[171, "PAD89", "T", -0.34, -335, 0],
		[172, "PAD90", "T", 139.66, -335, 0],
		[173, "PAD91", "T", 80.34, -335, 0],
		[174, "PAD92", "T", -444, -313.66, 0],
		[175, "PAD93", "T", -444, -254.34, 0],
		[176, "PAD94", "T", -384, -313.66, 0],
		[177, "PAD95", "T", -384, -254.34, 0],
		[178, "PAD96", "T", -324, -313.66, 0],
		[179, "PAD97", "T", -324, -254.34, 0],
		[180, "PAD98", "T", 25, -474.66, 0],
		[181, "PAD99", "T", 25, -415.34, 0],
		[182, "PAD100", "T", -40, -415.34, 0],
		[183, "PAD101", "T", -40, -474.66, 0],
		[184, "PAD102", "T", 155, -474.66, 0],
		[185, "PAD103", "T", 155, -415.34, 0],
		[186, "PAD104", "T", 90, -415.34, 0],
		[187, "PAD105", "T", 90, -474.66, 0],
		[188, "PAD106", "T", 600.3937, 600.3937, 0],
		[189, "PAD106", "B", 600.3937, 600.3937, 0],
		[190, "PAD107", "T", -600.3937, -600.3937, 0],
		[191, "PAD107", "B", -600.3937, -600.3937, 0],
		[192, "PAD108", "T", 600.3937, -600.3937, 0],
		[193, "PAD108", "B", 600.3937, -600.3937, 0],
		[194, "PAD109", "T", 304.88, 180, 0],
		[195, "PAD110", "T", 465.12, 180, 0],
		[196, "PAD111", "T", 304.88, 315, 0],
		[197, "PAD112", "T", 465.12, 315, 0],
		[198, "PAD113", "T", 434.4507, -708.6614, 0],
		[199, "PAD114", "T", 274.2107, -708.6614, 0],
		[200, "PAD115", "T", -434.4507, -708.6614, 0],
		[201, "PAD116", "T", -274.2107, -708.6614, 0],
		[202, "PAD117", "T", -182.64, 231.37, 0],
		[203, "PAD118", "T", -162.95, 231.37, 0],
		[204, "PAD119", "T", -143.27, 231.37, 0],
		[205, "PAD120", "T", -123.58, 231.37, 0],
		[206, "PAD121", "T", -103.9, 231.37, 0],
		[207, "PAD122", "T", -84.21, 231.37, 0],
		[208, "PAD123", "T", -64.53, 231.37, 0],
		[209, "PAD124", "T", -44.84, 231.37, 0],
		[210, "PAD125", "T", -25.16, 231.37, 0],
		[211, "PAD126", "T", -5.47, 231.37, 0],
		[212, "PAD127", "T", 14.21, 231.37, 0],
		[213, "PAD128", "T", 33.9, 231.37, 0],
		[214, "PAD129", "T", 53.58, 231.37, 0],
		[215, "PAD130", "T", 73.27, 231.37, 0],
		[216, "PAD131", "T", 92.95, 231.37, 0],
		[217, "PAD132", "T", 112.64, 231.37, 0],
		[218, "PAD133", "T", 191.37, 152.64, 0],
		[219, "PAD134", "T", 191.37, 132.95, 0],
		[220, "PAD135", "T", 191.37, 113.27, 0],
		[221, "PAD136", "T", 191.37, 93.58, 0],
		[222, "PAD137", "T", 191.37, 73.9, 0],
		[223, "PAD138", "T", 191.37, 54.21, 0],
		[224, "PAD139", "T", 191.37, 34.53, 0],
		[225, "PAD140", "T", 191.37, 14.84, 0],
		[226, "PAD141", "T", 191.37, -4.84, 0],
		[227, "PAD142", "T", 191.37, -24.53, 0],
		[228, "PAD143", "T", 191.37, -44.21, 0],
		[229, "PAD144", "T", 191.37, -63.9, 0],
		[230, "PAD145", "T", 191.37, -83.58, 0],
		[231, "PAD146", "T", 191.37, -103.27, 0],
		[232, "PAD147", "T", 191.37, -122.95, 0],
		[233, "PAD148", "T", 191.37, -142.64, 0],
		[234, "PAD149", "T", 112.64, -221.37, 0],
		[235, "PAD150", "T", 92.95, -221.37, 0],
		[236, "PAD151", "T", 73.27, -221.37, 0],
		[237, "PAD152", "T", 53.58, -221.37, 0],
		[238, "PAD153", "T", 33.9, -221.37, 0],
		[239, "PAD154", "T", 14.21, -221.37, 0],
		[240, "PAD155", "T", -5.47, -221.37, 0],
		[241, "PAD156", "T", -25.16, -221.37, 0],
		[242, "PAD157", "T", -44.84, -221.37, 0],
		[243, "PAD158", "T", -64.53, -221.37, 0],
		[244, "PAD159", "T", -84.21, -221.37, 0],
		[245, "PAD160", "T", -103.9, -221.37, 0],
		[246, "PAD161", "T", -123.58, -221.37, 0],
		[247, "PAD162", "T", -143.27, -221.37, 0],
		[248, "PAD163", "T", -162.95, -221.37, 0],
		[249, "PAD164", "T", -182.64, -221.37, 0],
		[250, "PAD165", "T", -261.37, -142.64, 0],
		[251, "PAD166", "T", -261.37, -122.95, 0],
		[252, "PAD167", "T", -261.37, -103.27, 0],
		[253, "PAD168", "T", -261.37, -83.58, 0],
		[254, "PAD169", "T", -261.37, -63.9, 0],
		[255, "PAD170", "T", -261.37, -44.21, 0],
		[256, "PAD171", "T", -261.37, -24.53, 0],
		[257, "PAD172", "T", -261.37, -4.84, 0],
		[258, "PAD173", "T", -261.37, 14.84, 0],
		[259, "PAD174", "T", -261.37, 34.53, 0],
		[260, "PAD175", "T", -261.37, 54.21, 0],
		[261, "PAD176", "T", -261.37, 73.9, 0],
		[262, "PAD177", "T", -261.37, 93.58, 0],
		[263, "PAD178", "T", -261.37, 113.27, 0],
		[264, "PAD179", "T", -261.37, 132.95, 0],
		[265, "PAD180", "T", -261.37, 152.64, 0],
		[266, "PAD181", "B", -152.1657, -39.3701, 0],
		[267, "PAD182", "B", -102.1657, -39.3701, 0],
		[268, "PAD183", "B", -52.1657, -39.3701, 0],
		[269, "PAD184", "B", -2.1657, -39.3701, 0],
		[270, "PAD185", "B", 47.8343, -39.3701, 0],
		[271, "PAD186", "B", 97.8343, -39.3701, 0],
		[272, "PAD187", "B", 147.8343, -39.3701, 0],
		[273, "PAD188", "B", 197.8343, -39.3701, 0],
		[274, "PAD189", "T", -141.73, -721.93, 0],
		[275, "PAD190", "T", 141.73, -721.93, 0],
		[276, "PAD191", "T", -19.68, -588.07, 0],
		[277, "PAD192", "T", -59.05, -588.07, 0],
		[278, "PAD193", "T", -98.42, -588.07, 0],
		[279, "PAD194", "T", 19.69, -588.07, 0],
		[280, "PAD195", "T", 59.06, -588.07, 0],
		[281, "PAD196", "T", 98.43, -588.07, 0],
		[282, "PAD197", "T", -433.465, 93.31, 0],
		[283, "PAD198", "T", -433.465, 6.69, 0],
		[284, "PAD199", "T", -366.535, 6.69, 0],
		[285, "PAD200", "T", -366.535, 93.31, 0],
		[286, "PAD201", "T", 590.3488, 413.3907, 0],
		[287, "PAD202", "T", 590.3488, 295.2807, 0],
		[288, "PAD203", "T", 590.3488, 334.6507, 0],
		[289, "PAD204", "T", 590.3488, 374.0207, 0],
		[290, "PAD205", "T", 724.2088, 456.6907, 0],
		[291, "PAD206", "T", 724.2088, 251.9707, 0],
		[292, "PAD207", "T", -591.521, 240.9006, 0],
		[293, "PAD208", "T", -591.521, 359.0106, 0],
		[294, "PAD209", "T", -591.521, 319.6406, 0],
		[295, "PAD210", "T", -591.521, 280.2706, 0],
		[296, "PAD211", "T", -725.381, 197.6006, 0],
		[297, "PAD212", "T", -725.381, 402.3206, 0],
		[298, "PAD213", "T", -591.521, -359.0206, 0],
		[299, "PAD214", "T", -591.521, -240.9106, 0],
		[300, "PAD215", "T", -591.521, -280.2806, 0],
		[301, "PAD216", "T", -591.521, -319.6506, 0],
		[302, "PAD217", "T", -725.381, -402.3206, 0],
		[303, "PAD218", "T", -725.381, -197.6006, 0],
		[304, "PAD219", "T", -413.3907, 590.3488, 0],
		[305, "PAD220", "T", -295.2807, 590.3488, 0],
		[306, "PAD221", "T", -334.6507, 590.3488, 0],
		[307, "PAD222", "T", -374.0207, 590.3488, 0],
		[308, "PAD223", "T", -456.6907, 724.2088, 0],
		[309, "PAD224", "T", -251.9707, 724.2088, 0],
		[310, "PAD225", "T", -591.521, -59.06, 0],
		[311, "PAD226", "T", -591.521, 59.05, 0],
		[312, "PAD227", "T", -591.521, 19.68, 0],
		[313, "PAD228", "T", -591.521, -19.69, 0],
		[314, "PAD229", "T", -725.381, -102.36, 0],
		[315, "PAD230", "T", -725.381, 102.36, 0],
		[316, "PAD231", "T", 230, 277.44, 0],
		[317, "PAD232", "T", 230, 332.56, 0],
		[318, "PAD233", "T", -185, -417.44, 0],
		[319, "PAD234", "T", -185, -472.56, 0],
		[320, "PAD235", "B", -723.7997, 137.7953, 0],
		[321, "PAD236", "B", -723.7997, 45.9318, 0],
		[322, "PAD237", "B", -723.7997, -45.9318, 0],
		[323, "PAD238", "B", -723.7997, -137.7953, 0],
		[324, "PAD239", "T", 133.815, 407.6, 0],
		[325, "PAD240", "T", 133.815, 482.4, 0],
		[326, "PAD241", "T", 236.185, 482.4, 0],
		[327, "PAD242", "T", 236.185, 445, 0],
		[328, "PAD243", "T", 236.185, 407.6, 0],
		[329, "PAD244", "T", -253.815, -407.6, 0],
		[330, "PAD245", "T", -253.815, -482.4, 0],
		[331, "PAD246", "T", -356.185, -482.4, 0],
		[332, "PAD247", "T", -356.185, -445, 0],
		[333, "PAD248", "T", -356.185, -407.6, 0],
		[334, "PAD249", "T", 27.56, 335, 0],
		[335, "PAD250", "T", -27.56, 335, 0],
		[336, "PAD251", "T", 305, 477.56, 0],
		[337, "PAD252", "T", 305, 422.44, 0],
		[338, "PAD253", "T", 375, 477.56, 0],
		[339, "PAD254", "T", 375, 422.44, 0],
		[340, "PAD255", "T", -426.83, -410.213, 0],
		[341, "PAD256", "T", -481.95, -410.213, 0],
		[342, "PAD257", "T", -110, -417.44, 0],
		[343, "PAD258", "T", -110, -472.56, 0],
		[344, "PAD259", "T", -426.83, -480.213, 0],
		[345, "PAD260", "T", -481.95, -480.213, 0],
		[346, "PAD261", "T", 590.3488, -295.2707, 0],
		[347, "PAD262", "T", 590.3488, -413.3807, 0],
		[348, "PAD263", "T", 590.3488, -374.0107, 0],
		[349, "PAD264", "T", 590.3488, -334.6407, 0],
		[350, "PAD265", "T", 724.2088, -251.9707, 0],
		[351, "PAD266", "T", 724.2088, -456.6907, 0],
		[352, "PAD267", "T", 295.2707, 590.3488, 0],
		[353, "PAD268", "T", 413.3807, 590.3488, 0],
		[354, "PAD269", "T", 374.0107, 590.3488, 0],
		[355, "PAD270", "T", 334.6407, 590.3488, 0],
		[356, "PAD271", "T", 251.9707, 724.2088, 0],
		[357, "PAD272", "T", 456.6907, 724.2088, 0],
		[358, "PAD273", "T", 721.93, -141.73, 0],
		[359, "PAD274", "T", 721.93, 141.73, 0],
		[360, "PAD275", "T", 588.07, -19.68, 0],
		[361, "PAD276", "T", 588.07, -59.05, 0],
		[362, "PAD277", "T", 588.07, -98.42, 0],
		[363, "PAD278", "T", 588.07, 19.69, 0],
		[364, "PAD279", "T", 588.07, 59.06, 0],
		[365, "PAD280", "T", 588.07, 98.43, 0],
		[366, "PAD281", "T", 141.73, 721.93, 0],
		[367, "PAD282", "T", -141.73, 721.93, 0],
		[368, "PAD283", "T", 19.68, 588.07, 0],
		[369, "PAD284", "T", 59.05, 588.07, 0],
		[370, "PAD285", "T", 98.42, 588.07, 0],
		[371, "PAD286", "T", -19.69, 588.07, 0],
		[372, "PAD287", "T", -59.06, 588.07, 0],
		[373, "PAD288", "T", -98.43, 588.07, 0],
		[374, "PAD289", "B", 45.9449, 723.8189, 0],
		[375, "PAD290", "B", -45.9449, 723.8189, 0],
		[376, "PAD291", "B", 723.8189, -344.0551, 0],
		[377, "PAD292", "B", 723.8189, -435.9449, 0]
	]
},
"pins": {
	"fields": ["PIN_NO", "PIN_NAME", "PIN_X", "PIN_Y", "LAYER", "PIN_TYPE", "NET_NAME", "NET_TYPE", "PAD_SHAPE", "PAD_SIZEX", "PAD_SIZEY", "HOLE_SIZE", "HOLE_LEN", "PAD_ANGLE"],
	"rows": [
		[1, "C1_1", 457.56, -5, "T", "SMD", "GND", "GND", "R", 31.496, 35.433, 0, 0, 180],
		[2, "C1_2", 402.44, -5, "T", "SMD", "3V3", "", "R", 31.496, 35.433, 0, 0, 180],
		[3, "C2_1", 392.56, -265, "T", "SMD", "GND", "GND", "R", 31.496, 35.433, 0, 0, 180],
		[4, "C2_2", 337.44, -265, "T", "SMD", "3V3", "", "R", 31.496, 35.433, 0, 0, 180],
		[5, "C3_1", 392.56, -335, "T", "SMD", "GND", "GND", "R", 31.496, 35.433, 0, 0, 180],
		[6, "C3_2", 337.44, -335, "T", "SMD", "3V3", "", "R", 31.496, 35.433, 0, 0, 180],
		[7, "C4_1", -425, 422.44, "T", "SMD", "GND", "GND", "R", 31.496, 35.433, 0, 0, 90],
		[8, "C4_2", -425, 477.56, "T", "SMD", "3V3", "", "R", 31.496, 35.433, 0, 0, 90],
		[9, "C5_1", -495, 422.44, "T", "SMD", "GND", "GND", "R", 31.496, 35.433, 0, 0, 90],
		[10, "C5_2", -495, 477.56, "T", "SMD", "3V3", "", "R", 31.496, 35.433, 0, 0, 90],
		[11, "C6_1", 230, 332.56, "T", "SMD", "GND", "GND", "R", 31.496, 35.433, 0, 0, 270],
		[12, "C6_2", 230, 277.44, "T", "SMD", "3V3", "", "R", 31.496, 35.433, 0, 0, 270],
		[13, "C7_1", -27.56, 335, "T", "SMD", "GND", "GND", "R", 31.496, 35.433, 0, 0, 0],
		[14, "C7_2", 27.56, 335, "T", "SMD", "3V3", "", "R", 31.496, 35.433, 0, 0, 0],
		[15, "C8_1", 62.56, 410, "T", "SMD", "GND", "GND", "R", 31.496, 35.433, 0, 0, 180],
		[16, "C8_2", 7.44, 410, "T", "SMD", "3V3", "", "R", 31.496, 35.433, 0, 0, 180],
		[17, "C9_1", 62.56, 480, "T", "SMD", "GND", "GND", "R", 31.496, 35.433, 0, 0, 180],
		[18, "C9_2", 7.44, 480, "T", "SMD", "3V3", "", "R", 31.496, 35.433, 0, 0, 180],
		[19, "C10_1", -157.56, 335, "T", "SMD", "GND", "GND", "R", 31.496, 35.433, 0, 0, 0],
		[20, "C10_2", -102.44, 335, "T", "SMD", "$1N2558", "", "R", 31.496, 35.433, 0, 0, 0],
		[21, "C12_1", -302.56, 260, "T", "SMD", "GND", "GND", "R", 31.496, 35.433, 0, 0, 0],
		[22, "C12_2", -247.44, 260, "T", "SMD", "3V3", "", "R", 31.496, 35.433, 0, 0, 0],
		[23, "C13_1", -302.56, 330, "T", "SMD", "GND", "GND", "R", 31.496, 35.433, 0, 0, 0],
		[24, "C13_2", -247.44, 330, "T", "SMD", "3V3", "", "R", 31.496, 35.433, 0, 0, 0],
		[25, "C14_1", -182.56, -335, "T", "SMD", "GND", "GND", "R", 31.496, 35.433, 0, 0, 0],
		[26, "C14_2", -127.44, -335, "T", "SMD", "3V3", "", "R", 31.496, 35.433, 0, 0, 0],
		[27, "C15_1", 262.56, -265, "T", "SMD", "GND", "GND", "R", 31.496, 35.433, 0, 0, 180],
		[28, "C15_2", 207.44, -265, "T", "SMD", "3V3", "", "R", 31.496, 35.433, 0, 0, 180],
		[29, "C16_1", 157.56, 335, "T", "SMD", "GND", "GND", "R", 31.496, 35.433, 0, 0, 180],
		[30, "C16_2", 102.44, 335, "T", "SMD", "3V3", "", "R", 31.496, 35.433, 0, 0, 180],
		[31, "C17_1", -427.56, -170, "T", "SMD", "GND", "GND", "R", 31.496, 35.433, 0, 0, 0],
		[32, "C17_2", -372.44, -170, "T", "SMD", "3V3", "", "R", 31.496, 35.433, 0, 0, 0],
		[33, "C20_1", 330, 2.44, "T", "SMD", "GND", "GND", "R", 31.496, 35.433, 0, 0, 90],
		[34, "C20_2", 330, 57.56, "T", "SMD", "$1N22340", "", "R", 31.496, 35.433, 0, 0, 90],
		[35, "C21_1", 262.56, -335, "T", "SMD", "GND", "GND", "R", 31.496, 35.433, 0, 0, 180],
		[36, "C21_2", 207.44, -335, "T", "SMD", "$1N22341", "", "R", 31.496, 35.433, 0, 0, 180],
		[37, "C42_1", -372.44, -75, "T", "SMD", "OSCOUT", "", "R", 31.496, 35.433, 0, 0, 180],
		[38, "C42_2", -427.56, -75, "T", "SMD", "GND", "GND", "R", 31.496, 35.433, 0, 0, 180],
		[39, "C52_1", 545, 172.44, "T", "SMD", "NRST", "", "R", 31.496, 35.433, 0, 0, 90],
		[40, "C52_2", 545, 227.56, "T", "SMD", "GND", "GND", "R", 31.496, 35.433, 0, 0, 90],
		[41, "C70_1", -372.44, 175, "T", "SMD", "GND", "GND", "R", 31.496, 35.433, 0, 0, 180],
		[42, "C70_2", -427.56, 175, "T", "SMD", "OSCIN", "", "R", 31.496, 35.433, 0, 0, 180],
		[43, "C71_1", 305, 422.44, "T", "SMD", "GND", "GND", "R", 31.496, 35.433, 0, 0, 90],
		[44, "C71_2", 305, 477.56, "T", "SMD", "5V", "", "R", 31.496, 35.433, 0, 0, 90],
		[45, "C72_1", 375, 422.44, "T", "SMD", "GND", "GND", "R", 31.496, 35.433, 0, 0, 90],
		[46, "C72_2", 375, 477.56, "T", "SMD", "5V", "", "R", 31.496, 35.433, 0, 0, 90],
		[47, "C73_1", -481.95, -410.213, "T", "SMD", "GND", "GND", "R", 31.496, 35.433, 0, 0, 0],
		[48, "C73_2", -426.83, -410.213, "T", "SMD", "5V", "", "R", 31.496, 35.433, 0, 0, 0],
		[49, "C74_1", -110, -472.56, "T", "SMD", "GND", "GND", "R", 31.496, 35.433, 0, 0, 90],
		[50, "C74_2", -110, -417.44, "T", "SMD", "3V3_RF", "", "R", 31.496, 35.433, 0, 0, 90],
		[51, "C75_1", -185, -472.56, "T", "SMD", "GND", "GND", "R", 31.496, 35.433, 0, 0, 90],
		[52, "C75_2", -185, -417.44, "T", "SMD", "3V3_RF", "", "R", 31.496, 35.433, 0, 0, 90],
		[53, "C76_1", -481.95, -480.213, "T", "SMD", "GND", "GND", "R", 31.496, 35.433, 0, 0, 0],
		[54, "C76_2", -426.83, -480.213, "T", "SMD", "5V", "", "R", 31.496, 35.433, 0, 0, 0],
		[55, "H1_1", 344.0551, -723.8189, "B", "SMD", "$1N25196", "", "R", 78.7402, 53.1496, 0, 0, 270],
		[56, "H2_1", 435.9449, -723.8189, "B", "SMD", "$1N25385", "", "R", 78.7402, 53.1496, 0, 0, 270],
		[57, "H3_1", -723.7997, 137.7953, "B", "SMD", "GPIO1", "", "R", 78.7402, 53.1496, 0, 0, 180],
		[58, "H4_1", -723.7997, 45.9318, "B", "SMD", "GPIO2", "", "R", 78.7402, 53.1496, 0, 0, 180],
		[59, "H5_1", -723.7997, -45.9318, "B", "SMD", "GPIO3", "", "R", 78.7402, 53.1496, 0, 0, 180],
		[60, "H6_1", -723.7997, -137.7953, "B", "SMD", "GPIO4", "", "R", 78.7402, 53.1496, 0, 0, 180],
		[61, "H7_1", 45.9449, 723.8189, "B", "SMD", "TIM2_CH1", "", "R", 78.7402, 53.1496, 0, 0, 270],
		[62, "H8_1", -45.9449, 723.8189, "B", "SMD", "TIM2_CH2", "", "R", 78.7402, 53.1496, 0, 0, 270],
		[63, "H9_1", 723.8189, -344.0551, "B", "SMD", "5V", "", "R", 78.7402, 53.1496, 0, 0, 180],
		[64, "H10_1", 723.8189, -435.9449, "B", "SMD", "GND", "GND", "R", 78.7402, 53.1496, 0, 0, 180],
		[65, "LED1_1", -750.515, -464.25, "T", "SMD", "$1N24972", "", "R", 21.654, 21.654, 0, 0, 0],
		[66, "LED1_2", -689.485, -464.25, "T", "SMD", "$1N24975", "", "R", 21.654, 21.654, 0, 0, 0],
		[67, "LED1_3", -750.515, -495.75, "T", "SMD", "3V3", "", "R", 21.654, 21.654, 0, 0, 0],
		[68, "LED1_4", -689.485, -495.75, "T", "SMD", "$1N24978", "", "R", 21.654, 21.654, 0, 0, 0],
		[69, "R1_1", 445, 420.34, "T", "SMD", "BOOT0", "", "R", 31.751, 34.016, 0, 0, 90],
		[70, "R1_2", 445, 479.66, "T", "SMD", "GND", "GND", "R", 31.751, 34.016, 0, 0, 90],
		[71, "R2_1", 400.34, 60, "T", "SMD", "3V3", "", "R", 31.751, 34.016, 0, 0, 0],
		[72, "R2_2", 459.66, 60, "T", "SMD", "NRST", "", "R", 31.751, 34.016, 0, 0, 0],
		[73, "R3_1", 384.66, -605, "T", "SMD", "$1N24539", "", "R", 31.751, 34.016, 0, 0, 180],
		[74, "R3_2", 325.34, -605, "T", "SMD", "GND", "GND", "R", 31.751, 34.016, 0, 0, 180],
		[75, "R4_1", -384.66, -605, "T", "SMD", "$1N24657", "", "R", 31.751, 34.016, 0, 0, 0],
		[76, "R4_2", -325.34, -605, "T", "SMD", "GND", "GND", "R", 31.751, 34.016, 0, 0, 0],
		[77, "R5_1", -499.66, 295, "T", "SMD", "I2C1_SCL", "", "R", 31.751, 34.016, 0, 0, 0],
		[78, "R5_2", -440.34, 295, "T", "SMD", "3V3", "", "R", 31.751, 34.016, 0, 0, 0],
		[79, "R6_1", -499.66, 355, "T", "SMD", "I2C1_SDA", "", "R", 31.751, 34.016, 0, 0, 0],
		[80, "R6_2", -440.34, 355, "T", "SMD", "3V3", "", "R", 31.751, 34.016, 0, 0, 0],
		[81, "R7_1", -0.34, -335, "T", "SMD", "I2C2_SCL", "", "R", 31.751, 34.016, 0, 0, 180],
		[82, "R7_2", -59.66, -335, "T", "SMD", "3V3", "", "R", 31.751, 34.016, 0, 0, 180],
		[83, "R8_1", 80.34, -335, "T", "SMD", "I2C2_SDA", "", "R", 31.751, 34.016, 0, 0, 0],
		[84, "R8_2", 139.66, -335, "T", "SMD", "3V3", "", "R", 31.751, 34.016, 0, 0, 0],
		[85, "R9_1", -375, 265.34, "T", "SMD", "GND", "GND", "R", 31.751, 34.016, 0, 0, 90],
		[86, "R9_2", -375, 324.66, "T", "SMD", "$1N1015", "", "R", 31.751, 34.016, 0, 0, 90],
		[87, "R10_1", -220, 435.34, "T", "SMD", "GND", "GND", "R", 31.751, 34.016, 0, 0, 90],
		[88, "R10_2", -220, 494.66, "T", "SMD", "LIS_ADDR", "", "R", 31.751, 34.016, 0, 0, 90],
		[89, "R12_1", -444, -254.34, "T", "SMD", "LED1", "", "R", 31.751, 34.016, 0, 0, 270],
		[90, "R12_2", -444, -313.66, "T", "SMD", "$1N24972", "", "R", 31.751, 34.016, 0, 0, 270],
		[91, "R13_1", -384, -254.34, "T", "SMD", "LED2", "", "R", 31.751, 34.016, 0, 0, 270],
		[92, "R13_2", -384, -313.66, "T", "SMD", "$1N24975", "", "R", 31.751, 34.016, 0, 0, 270],
		[93, "R14_1", -324, -254.34, "T", "SMD", "LED3", "", "R", 31.751, 34.016, 0, 0, 270],
		[94, "R14_2", -324, -313.66, "T", "SMD", "$1N24978", "", "R", 31.751, 34.016, 0, 0, 270],
		[95, "R15_1", 25, -415.34, "T", "SMD", "ADC1", "", "R", 31.751, 34.016, 0, 0, 270],
		[96, "R15_2", 25, -474.66, "T", "SMD", "$1N25196", "", "R", 31.751, 34.016, 0, 0, 270],
		[97, "R16_1", -40, -474.66, "T", "SMD", "GND", "GND", "R", 31.751, 34.016, 0, 0, 90],
		[98, "R16_2", -40, -415.34, "T", "SMD", "ADC1", "", "R", 31.751, 34.016, 0, 0, 90],
		[99, "R17_1", 155, -415.34, "T", "SMD", "ADC2", "", "R", 31.751, 34.016, 0, 0, 270],
		[100, "R17_2", 155, -474.66, "T", "SMD", "$1N25385", "", "R", 31.751, 34.016, 0, 0, 270],
		[101, "R18_1", 90, -474.66, "T", "SMD", "GND", "GND", "R", 31.751, 34.016, 0, 0, 90],
		[102, "R18_2", 90, -415.34, "T", "SMD", "ADC2", "", "R", 31.751, 34.016, 0, 0, 90],
		[103, "SCREW1_1", 600.3937, 600.3937, "T", "DIP", "GND", "GND", "C", 126, 126, 126, 126, 0],
		[104, "SCREW1_1", 600.3937, 600.3937, "B", "DIP", "GND", "GND", "C", 126, 126, 126, 126, 0],
		[105, "SCREW2_1", -600.3937, -600.3937, "T", "DIP", "GND", "GND", "C", 126, 126, 126, 126, 0],
		[106, "SCREW2_1", -600.3937, -600.3937, "B", "DIP", "GND", "GND", "C", 126, 126, 126, 126, 0],
		[107, "SCREW3_1", 600.3937, -600.3937, "T", "DIP", "GND", "GND", "C", 126, 126, 126, 126, 0],
		[108, "SCREW3_1", 600.3937, -600.3937, "B", "DIP", "GND", "GND", "C", 126, 126, 126, 126, 0],
		[109, "SCREW4_1", -600.3937, 600.3937, "T", "DIP", "GND", "GND", "C", 126, 126, 126, 126, 0],
		[110, "SCREW4_1", -600.3937, 600.3937, "B", "DIP", "GND", "GND", "C", 126, 126, 126, 126, 0],
		[111, "SW1_1", 304.88, 180, "T", "SMD", "GND", "GND", "R", 60.236, 53.543, 0, 0, 0],
		[112, "SW1_2", 465.12, 180, "T", "SMD", "NRST", "", "R", 60.236, 53.543, 0, 0, 0],
		[113, "SW2_1", 304.88, 315, "T", "SMD", "3V3", "", "R", 60.236, 53.543, 0, 0, 0],
		[114, "SW2_2", 465.12, 315, "T", "SMD", "BOOT0", "", "R", 60.236, 53.543, 0, 0, 0],
		[115, "SW3_1", 434.4507, -708.6614, "T", "SMD", "$1N24539", "", "R", 60.236, 53.543, 0, 0, 180],
		[116, "SW3_2", 274.2107, -708.6614, "T", "SMD", "BUTTON1", "", "R", 60.236, 53.543, 0, 0, 180],
		[117, "SW4_1", -434.4507, -708.6614, "T", "SMD", "$1N24657", "", "R", 60.236, 53.543, 0, 0, 0],
		[118, "SW4_2", -274.2107, -708.6614, "T", "SMD", "BUTTON2", "", "R", 60.236, 53.543, 0, 0, 0],
		[119, "U1_1", 398.2308, -88.1103, "T", "SMD", "SPI2_MISO", "", "R", 26.575, 11.024, 0, 0, 270],
		[120, "U1_2", 378.5408, -88.1103, "T", "SMD", "NET_1", "", "R", 26.575, 11.024, 0, 0, 270],
		[121, "U1_3", 358.8608, -88.1103, "T", "SMD", "NET_2", "", "R", 26.575, 11.024, 0, 0, 270],
		[122, "U1_4", 339.1708, -88.1103, "T", "SMD", "NET_3", "", "R", 26.575, 11.024, 0, 0, 270],
		[123, "U1_5", 328.8408, -118.1103, "T", "SMD", "3V3", "", "R", 11.024, 26.575, 0, 0, 270],
		[124, "U1_6", 328.8408, -137.7903, "T", "SMD", "GND", "GND", "R", 11.024, 26.575, 0, 0, 270],
		[125, "U1_7", 328.8408, -157.4803, "T", "SMD", "GND", "GND", "R", 11.024, 26.575, 0, 0, 270],
		[126, "U1_8", 339.1708, -187.4803, "T", "SMD", "3V3", "", "R", 26.575, 11.024, 0, 0, 270],
		[127, "U1_9", 358.8608, -187.4803, "T", "SMD", "NET_4", "", "R", 26.575, 11.024, 0, 0, 270],
		[128, "U1_10", 378.5408, -187.4803, "T", "SMD", "NET_5", "", "R", 26.575, 11.024, 0, 0, 270],
		[129, "U1_11", 398.2308, -187.4803, "T", "SMD", "GND", "GND", "R", 26.575, 11.024, 0, 0, 270],
		[130, "U1_12", 408.5608, -157.4803, "T", "SMD", "SPI2_CS", "", "R", 11.024, 26.575, 0, 0, 270],
		[131, "U1_13", 408.5608, -137.7903, "T", "SMD", "SPI2_SCK", "", "R", 11.024, 26.575, 0, 0, 270],
		[132, "U1_14", 408.5608, -118.1103, "T", "SMD", "SPI2_MOSI", "", "R", 11.024, 26.575, 0, 0, 270],
		[133, "U2_1", -288.5, 488.6, "T", "SMD", "GND", "GND", "R", 27.56, 13.8, 0, 0, 0],
		[134, "U2_2", -288.5, 463, "T", "SMD", "NET_6", "", "R", 27.56, 13.8, 0, 0, 0],
		[135, "U2_3", -288.5, 437, "T", "SMD", "I2C1_SDA", "", "R", 27.56, 13.8, 0, 0, 0],
		[136, "U2_4", -288.5, 411.4, "T", "SMD", "I2C1_SCL", "", "R", 27.56, 13.8, 0, 0, 0],
		[137, "U2_5", -351.5, 411.4, "T", "SMD", "$1N1015", "", "R", 27.56, 13.8, 0, 0, 0],
		[138, "U2_6", -351.5, 437, "T", "SMD", "3V3", "", "R", 27.56, 13.8, 0, 0, 0],
		[139, "U2_7", -351.5, 463, "T", "SMD", "GND", "GND", "R", 27.56, 13.8, 0, 0, 0],
		[140, "U2_8", -351.5, 488.6, "T", "SMD", "3V3", "", "R", 27.56, 13.8, 0, 0, 0],
		[141, "U4_1", -139.53, 415.55, "T", "SMD", "I2C1_SCL", "", "R", 11.024, 19.685, 0, 0, 0],
		[142, "U4_2", -119.84, 415.55, "T", "SMD", "GND", "GND", "R", 11.024, 19.685, 0, 0, 0],
		[143, "U4_3", -100.16, 415.55, "T", "SMD", "GND", "GND", "R", 11.024, 19.685, 0, 0, 0],
		[144, "U4_4", -80.47, 415.55, "T", "SMD", "$1N2558", "", "R", 11.024, 19.685, 0, 0, 0],
		[145, "U4_5", -75.55, 440.16, "T", "SMD", "3V3", "", "R", 19.685, 11.024, 0, 0, 0],
		[146, "U4_6", -75.55, 459.84, "T", "SMD", "3V3", "", "R", 19.685, 11.024, 0, 0, 0],
		[147, "U4_7", -80.47, 484.45, "T", "SMD", "NET_7", "", "R", 11.024, 19.685, 0, 0, 0],
		[148, "U4_8", -100.16, 484.45, "T", "SMD", "NET_8", "", "R", 11.024, 19.685, 0, 0, 0],
		[149, "U4_9", -119.84, 484.45, "T", "SMD", "LIS_ADDR", "", "R", 11.024, 19.685, 0, 0, 0],
		[150, "U4_10", -139.53, 484.45, "T", "SMD", "3V3", "", "R", 11.024, 19.685, 0, 0, 0],
		[151, "U4_11", -144.45, 459.84, "T", "SMD", "I2C1_SDA", "", "R", 19.685, 11.024, 0, 0, 0],
		[152, "U4_12", -144.45, 440.16, "T", "SMD", "GND", "GND", "R", 19.685, 11.024, 0, 0, 0],
		[153, "U5_1", -261.37, 152.64, "T", "SMD", "3V3", "", "O", 11.811, 78.74, 0, 0, 270],
		[154, "U5_2", -261.37, 132.95, "T", "SMD", "LED1", "", "O", 11.811, 78.74, 0, 0, 270],
		[155, "U5_3", -261.37, 113.27, "T", "SMD", "LED2", "", "O", 11.811, 78.74, 0, 0, 270],
		[156, "U5_4", -261.37, 93.58, "T", "SMD", "LED3", "", "O", 11.811, 78.74, 0, 0, 270],
		[157, "U5_5", -261.37, 73.9, "T", "SMD", "OSCIN", "", "O", 11.811, 78.74, 0, 0, 270],
		[158, "U5_6", -261.37, 54.21, "T", "SMD", "OSCOUT", "", "O", 11.811, 78.74, 0, 0, 270],
		[159, "U5_7", -261.37, 34.53, "T", "SMD", "NRST", "", "O", 11.811, 78.74, 0, 0, 270],
		[160, "U5_8", -261.37, 14.84, "T", "SMD", "GPIO1", "", "O", 11.811, 78.74, 0, 0, 270],
		[161, "U5_9", -261.37, -4.84, "T", "SMD", "GPIO2", "", "O", 11.811, 78.74, 0, 0, 270],
		[162, "U5_10", -261.37, -24.53, "T", "SMD", "GPIO3", "", "O", 11.811, 78.74, 0, 0, 270],
		[163, "U5_11", -261.37, -44.21, "T", "SMD", "GPIO4", "", "O", 11.811, 78.74, 0, 0, 270],
		[164, "U5_12", -261.37, -63.9, "T", "SMD", "GND", "GND", "O", 11.811, 78.74, 0, 0, 270],
		[165, "U5_13", -261.37, -83.58, "T", "SMD", "3V3", "", "O", 11.811, 78.74, 0, 0, 270],
		[166, "U5_14", -261.37, -103.27, "T", "SMD", "UART4_TX", "", "O", 11.811, 78.74, 0, 0, 270],
		[167, "U5_15", -261.37, -122.95, "T", "SMD", "UART4_RX", "", "O", 11.811, 78.74, 0, 0, 270],
		[168, "U5_16", -261.37, -142.64, "T", "SMD", "UART2_TX", "", "O", 11.811, 78.74, 0, 0, 270],
		[169, "U5_17", -182.64, -221.37, "T", "SMD", "UART2_RX", "", "O", 78.74, 11.811, 0, 0, 270],
		[170, "U5_18", -162.95, -221.37, "T", "SMD", "GND", "GND", "O", 78.74, 11.811, 0, 0, 270],
		[171, "U5_19", -143.27, -221.37, "T", "SMD", "3V3", "", "O", 78.74, 11.811, 0, 0, 270],
		[172, "U5_20", -123.58, -221.37, "T", "SMD", "G01_CS", "", "O", 78.74, 11.811, 0, 0, 270],
		[173, "U5_21", -103.9, -221.37, "T", "SMD", "G01_SCK", "", "O", 78.74, 11.811, 0, 0, 270],
		[174, "U5_22", -84.21, -221.37, "T", "SMD", "G01_MISO", "", "O", 78.74, 11.811, 0, 0, 270],
		[175, "U5_23", -64.53, -221.37, "T", "SMD", "G01_MOSI", "", "O", 78.74, 11.811, 0, 0, 270],
		[176, "U5_24", -44.84, -221.37, "T", "SMD", "G01_IRQ", "", "O", 78.74, 11.811, 0, 0, 270],
		[177, "U5_25", -25.16, -221.37, "T", "SMD", "G01_CE", "", "O", 78.74, 11.811, 0, 0, 270],
		[178, "U5_26", -5.47, -221.37, "T", "SMD", "ADC1", "", "O", 78.74, 11.811, 0, 0, 270],
		[179, "U5_27", 14.21, -221.37, "T", "SMD", "ADC2", "", "O", 78.74, 11.811, 0, 0, 270],
		[180, "U5_28", 33.9, -221.37, "T", "SMD", "BUTTON1", "", "O", 78.74, 11.811, 0, 0, 270],
		[181, "U5_29", 53.58, -221.37, "T", "SMD", "I2C2_SCL", "", "O", 78.74, 11.811, 0, 0, 270],
		[182, "U5_30", 73.27, -221.37, "T", "SMD", "I2C2_SDA", "", "O", 78.74, 11.811, 0, 0, 270],
		[183, "U5_31", 92.95, -221.37, "T", "SMD", "$1N22341", "", "O", 78.74, 11.811, 0, 0, 270],
		[184, "U5_32", 112.64, -221.37, "T", "SMD", "3V3", "", "O", 78.74, 11.811, 0, 0, 270],
		[185, "U5_33", 191.37, -142.64, "T", "SMD", "SPI2_CS", "", "O", 11.811, 78.74, 0, 0, 270],
		[186, "U5_34", 191.37, -122.95, "T", "SMD", "SPI2_SCK", "", "O", 11.811, 78.74, 0, 0, 270],
		[187, "U5_35", 191.37, -103.27, "T", "SMD", "SPI2_MISO", "", "O", 11.811, 78.74, 0, 0, 270],
		[188, "U5_36", 191.37, -83.58, "T", "SMD", "SPI2_MOSI", "", "O", 11.811, 78.74, 0, 0, 270],
		[189, "U5_37", 191.37, -63.9, "T", "SMD", "UART6_TX", "", "O", 11.811, 78.74, 0, 0, 270],
		[190, "U5_38", 191.37, -44.21, "T", "SMD", "UART6_RX", "", "O", 11.811, 78.74, 0, 0, 270],
		[191, "U5_39", 191.37, -24.53, "T", "SMD", "TIM3_CH3", "", "O", 11.811, 78.74, 0, 0, 270],
		[192, "U5_40", 191.37, -4.84, "T", "SMD", "TIM3_CH4", "", "O", 11.811, 78.74, 0, 0, 270],
		[193, "U5_41", 191.37, 14.84, "T", "SMD", "TIM1_CH1", "", "O", 11.811, 78.74, 0, 0, 270],
		[194, "U5_42", 191.37, 34.53, "T", "SMD", "TIM1_CH2", "", "O", 11.811, 78.74, 0, 0, 270],
		[195, "U5_43", 191.37, 54.21, "T", "SMD", "TIM1_CH3", "", "O", 11.811, 78.74, 0, 0, 270],
		[196, "U5_44", 191.37, 73.9, "T", "SMD", "TIM1_CH4", "", "O", 11.811, 78.74, 0, 0, 270],
		[197, "U5_45", 191.37, 93.58, "T", "SMD", "BUTTON2", "", "O", 11.811, 78.74, 0, 0, 270],
		[198, "U5_46", 191.37, 113.27, "T", "SMD", "SWDIO", "", "O", 11.811, 78.74, 0, 0, 270],
		[199, "U5_47", 191.37, 132.95, "T", "SMD", "$1N22340", "", "O", 11.811, 78.74, 0, 0, 270],
		[200, "U5_48", 191.37, 152.64, "T", "SMD", "3V3", "", "O", 11.811, 78.74, 0, 0, 270],
		[201, "U5_49", 112.64, 231.37, "T", "SMD", "SWCLK", "", "O", 78.74, 11.811, 0, 0, 270],
		[202, "U5_50", 92.95, 231.37, "T", "SMD", "TIM2_CH1", "", "O", 78.74, 11.811, 0, 0, 270],
		[203, "U5_51", 73.27, 231.37, "T", "SMD", "UART3_TX", "", "O", 78.74, 11.811, 0, 0, 270],
		[204, "U5_52", 53.58, 231.37, "T", "SMD", "UART3_RX", "", "O", 78.74, 11.811, 0, 0, 270],
		[205, "U5_53", 33.9, 231.37, "T", "SMD", "UART5_TX", "", "O", 78.74, 11.811, 0, 0, 270],
		[206, "U5_54", 14.21, 231.37, "T", "SMD", "UART5_RX", "", "O", 78.74, 11.811, 0, 0, 270],
		[207, "U5_55", -5.47, 231.37, "T", "SMD", "TIM2_CH2", "", "O", 78.74, 11.811, 0, 0, 270],
		[208, "U5_56", -25.16, 231.37, "T", "SMD", "TIM3_CH1", "", "O", 78.74, 11.811, 0, 0, 270],
		[209, "U5_57", -44.84, 231.37, "T", "SMD", "TIM3_CH2", "", "O", 78.74, 11.811, 0, 0, 270],
		[210, "U5_58", -64.53, 231.37, "T", "SMD", "UART1_TX", "", "O", 78.74, 11.811, 0, 0, 270],
		[211, "U5_59", -84.21, 231.37, "T", "SMD", "UART1_RX", "", "O", 78.74, 11.811, 0, 0, 270],
		[212, "U5_60", -103.9, 231.37, "T", "SMD", "BOOT0", "", "O", 78.74, 11.811, 0, 0, 270],
		[213, "U5_61", -123.58, 231.37, "T", "SMD", "I2C1_SCL", "", "O", 78.74, 11.811, 0, 0, 270],
		[214, "U5_62", -143.27, 231.37, "T", "SMD", "I2C1_SDA", "", "O", 78.74, 11.811, 0, 0, 270],
		[215, "U5_63", -162.95, 231.37, "T", "SMD", "GND", "GND", "O", 78.74, 11.811, 0, 0, 270],
		[216, "U5_64", -182.64, 231.37, "T", "SMD", "3V3", "", "O", 78.74, 11.811, 0, 0, 270],
		[217, "U6_1", -152.1657, -39.3701, "B", "SMD", "3V3_RF", "", "P", 39.3701, 78.7402, 0, 0, 90],
		[218, "U6_2", -102.1657, -39.3701, "B", "SMD", "G01_CE", "", "P", 39.3701, 78.7402, 0, 0, 90],
		[219, "U6_3", -52.1657, -39.3701, "B", "SMD", "G01_CS", "", "P", 39.3701, 78.7402, 0, 0, 90],
		[220, "U6_4", -2.1657, -39.3701, "B", "SMD", "G01_SCK", "", "P", 39.3701, 78.7402, 0, 0, 90],
		[221, "U6_5", 47.8343, -39.3701, "B", "SMD", "G01_MOSI", "", "P", 39.3701, 78.7402, 0, 0, 90],
		[222, "U6_6", 97.8343, -39.3701, "B", "SMD", "G01_MISO", "", "P", 39.3701, 78.7402, 0, 0, 90],
		[223, "U6_7", 147.8343, -39.3701, "B", "SMD", "G01_IRQ", "", "P", 39.3701, 78.7402, 0, 0, 90],
		[224, "U6_8", 197.8343, -39.3701, "B", "SMD", "GND", "GND", "P", 39.3701, 78.7402, 0, 0, 90],
		[225, "U7_1", -98.42, -588.07, "T", "SMD", "I2C2_SDA", "", "R", 19.685, 66.929, 0, 0, 0],
		[226, "U7_2", -59.05, -588.07, "T", "SMD", "I2C2_SCL", "", "R", 19.685, 66.929, 0, 0, 0],
		[227, "U7_3", -19.68, -588.07, "T", "SMD", "5V", "", "R", 19.685, 66.929, 0, 0, 0],
		[228, "U7_4", 19.69, -588.07, "T", "SMD", "GND", "GND", "R", 19.685, 66.929, 0, 0, 0],
		[229, "U7_5", 59.06, -588.07, "T", "SMD", "UART2_TX", "", "R", 19.685, 66.929, 0, 0, 0],
		[230, "U7_6", 98.43, -588.07, "T", "SMD", "UART2_RX", "", "R", 19.685, 66.929, 0, 0, 0],
		[231, "U7_7", 141.73, -721.93, "T", "SMD", "GND", "GND", "R", 47.244, 98.425, 0, 0, 0],
		[232, "U7_8", -141.73, -721.93, "T", "SMD", "GND", "GND", "R", 47.244, 98.425, 0, 0, 0],
		[233, "U44_1", 590.3488, 295.2807, "T", "SMD", "SWCLK", "", "R", 19.685, 66.929, 0, 0, 90],
		[234, "U44_2", 590.3488, 334.6507, "T", "SMD", "SWDIO", "", "R", 19.685, 66.929, 0, 0, 90],
		[235, "U44_3", 590.3488, 374.0207, "T", "SMD", "GND", "GND", "R", 19.685, 66.929, 0, 0, 90],
		[236, "U44_4", 590.3488, 413.3907, "T", "SMD", "5V", "", "R", 19.685, 66.929, 0, 0, 90],
		[237, "U44_5", 724.2088, 456.6907, "T", "SMD", "GND", "GND", "R", 47.244, 98.425, 0, 0, 90],
		[238, "U44_6", 724.2088, 251.9707, "T", "SMD", "GND", "GND", "R", 47.244, 98.425, 0, 0, 90],
		[239, "U45_1", -591.521, 359.0106, "T", "SMD", "I2C1_SDA", "", "R", 19.685, 66.929, 0, 0, 270],
		[240, "U45_2", -591.521, 319.6406, "T", "SMD", "I2C1_SCL", "", "R", 19.685, 66.929, 0, 0, 270],
		[241, "U45_3", -591.521, 280.2706, "T", "SMD", "GND", "GND", "R", 19.685, 66.929, 0, 0, 270],
		[242, "U45_4", -591.521, 240.9006, "T", "SMD", "5V", "", "R", 19.685, 66.929, 0, 0, 270],
		[243, "U45_5", -725.381, 197.6006, "T", "SMD", "GND", "GND", "R", 47.244, 98.425, 0, 0, 270],
		[244, "U45_6", -725.381, 402.3206, "T", "SMD", "GND", "GND", "R", 47.244, 98.425, 0, 0, 270],
		[245, "U46_1", -591.521, -240.9106, "T", "SMD", "UART4_TX", "", "R", 19.685, 66.929, 0, 0, 270],
		[246, "U46_2", -591.521, -280.2806, "T", "SMD", "UART4_RX", "", "R", 19.685, 66.929, 0, 0, 270],
		[247, "U46_3", -591.521, -319.6506, "T", "SMD", "GND", "GND", "R", 19.685, 66.929, 0, 0, 270],
		[248, "U46_4", -591.521, -359.0206, "T", "SMD", "5V", "", "R", 19.685, 66.929, 0, 0, 270],
		[249, "U46_5", -725.381, -402.3206, "T", "SMD", "GND", "GND", "R", 47.244, 98.425, 0, 0, 270],
		[250, "U46_6", -725.381, -197.6006, "T", "SMD", "GND", "GND", "R", 47.244, 98.425, 0, 0, 270],
		[251, "U49_1", -295.2807, 590.3488, "T", "SMD", "UART1_TX", "", "R", 19.685, 66.929, 0, 0, 180],
		[252, "U49_2", -334.6507, 590.3488, "T", "SMD", "UART1_RX", "", "R", 19.685, 66.929, 0, 0, 180],
		[253, "U49_3", -374.0207, 590.3488, "T", "SMD", "GND", "GND", "R", 19.685, 66.929, 0, 0, 180],
		[254, "U49_4", -413.3907, 590.3488, "T", "SMD", "5V", "", "R", 19.685, 66.929, 0, 0, 180],
		[255, "U49_5", -456.6907, 724.2088, "T", "SMD", "GND", "GND", "R", 47.244, 98.425, 0, 0, 180],
		[256, "U49_6", -251.9707, 724.2088, "T", "SMD", "GND", "GND", "R", 47.244, 98.425, 0, 0, 180],
		[257, "U50_1", -591.521, 59.05, "T", "SMD", "UART3_TX", "", "R", 19.685, 66.929, 0, 0, 270],
		[258, "U50_2", -591.521, 19.68, "T", "SMD", "UART3_RX", "", "R", 19.685, 66.929, 0, 0, 270],
		[259, "U50_3", -591.521, -19.69, "T", "SMD", "GND", "GND", "R", 19.685, 66.929, 0, 0, 270],
		[260, "U50_4", -591.521, -59.06, "T", "SMD", "5V", "", "R", 19.685, 66.929, 0, 0, 270],
		[261, "U50_5", -725.381, -102.36, "T", "SMD", "GND", "GND", "R", 47.244, 98.425, 0, 0, 270],
		[262, "U50_6", -725.381, 102.36, "T", "SMD", "GND", "GND", "R", 47.244, 98.425, 0, 0, 270],
		[263, "U52_1", 236.185, 407.6, "T", "SMD", "5V", "", "R", 39.37, 23.622, 0, 0, 0],
		[264, "U52_2", 236.185, 445, "T", "SMD", "GND", "GND", "R", 39.37, 23.622, 0, 0, 0],
		[265, "U52_3", 236.185, 482.4, "T", "SMD", "5V", "", "R", 39.37, 23.622, 0, 0, 0],
		[266, "U52_4", 133.815, 482.4, "T", "SMD", "GND", "GND", "R", 39.37, 23.622, 0, 0, 0],
		[267, "U52_5", 133.815, 407.6, "T", "SMD", "3V3", "", "R", 39.37, 23.622, 0, 0, 0],
		[268, "U53_1", -356.185, -407.6, "T", "SMD", "5V", "", "R", 39.37, 23.622, 0, 0, 180],
		[269, "U53_2", -356.185, -445, "T", "SMD", "GND", "GND", "R", 39.37, 23.622, 0, 0, 180],
		[270, "U53_3", -356.185, -482.4, "T", "SMD", "5V", "", "R", 39.37, 23.622, 0, 0, 180],
		[271, "U53_4", -253.815, -482.4, "T", "SMD", "GND", "GND", "R", 39.37, 23.622, 0, 0, 180],
		[272, "U53_5", -253.815, -407.6, "T", "SMD", "3V3_RF", "", "R", 39.37, 23.622, 0, 0, 180],
		[273, "U59_1", 590.3488, -413.3807, "T", "SMD", "UART6_TX", "", "R", 19.685, 66.929, 0, 0, 90],
		[274, "U59_2", 590.3488, -374.0107, "T", "SMD", "UART6_RX", "", "R", 19.685, 66.929, 0, 0, 90],
		[275, "U59_3", 590.3488, -334.6407, "T", "SMD", "GND", "GND", "R", 19.685, 66.929, 0, 0, 90],
		[276, "U59_4", 590.3488, -295.2707, "T", "SMD", "5V", "", "R", 19.685, 66.929, 0, 0, 90],
		[277, "U59_5", 724.2088, -251.9707, "T", "SMD", "GND", "GND", "R", 47.244, 98.425, 0, 0, 90],
		[278, "U59_6", 724.2088, -456.6907, "T", "SMD", "GND", "GND", "R", 47.244, 98.425, 0, 0, 90],
		[279, "U60_1", 413.3807, 590.3488, "T", "SMD", "UART5_TX", "", "R", 19.685, 66.929, 0, 0, 180],
		[280, "U60_2", 374.0107, 590.3488, "T", "SMD", "UART5_RX", "", "R", 19.685, 66.929, 0, 0, 180],
		[281, "U60_3", 334.6407, 590.3488, "T", "SMD", "GND", "GND", "R", 19.685, 66.929, 0, 0, 180],
		[282, "U60_4", 295.2707, 590.3488, "T", "SMD", "5V", "", "R", 19.685, 66.929, 0, 0, 180],
		[283, "U60_5", 251.9707, 724.2088, "T", "SMD", "GND", "GND", "R", 47.244, 98.425, 0, 0, 180],
		[284, "U60_6", 456.6907, 724.2088, "T", "SMD", "GND", "GND", "R", 47.244, 98.425, 0, 0, 180],
		[285, "U61_1", 588.07, -98.42, "T", "SMD", "TIM1_CH1", "", "R", 19.685, 66.929, 0, 0, 90],
		[286, "U61_2", 588.07, -59.05, "T", "SMD", "TIM1_CH2", "", "R", 19.685, 66.929, 0, 0, 90],
		[287, "U61_3", 588.07, -19.68, "T", "SMD", "TIM1_CH3", "", "R", 19.685, 66.929, 0, 0, 90],
		[288, "U61_4", 588.07, 19.69, "T", "SMD", "TIM1_CH4", "", "R", 19.685, 66.929, 0, 0, 90],
		[289, "U61_5", 588.07, 59.06, "T", "SMD", "5V", "", "R", 19.685, 66.929, 0, 0, 90],
		[290, "U61_6", 588.07, 98.43, "T", "SMD", "GND", "GND", "R", 19.685, 66.929, 0, 0, 90],
		[291, "U61_7", 721.93, 141.73, "T", "SMD", "GND", "GND", "R", 47.244, 98.425, 0, 0, 90],
		[292, "U61_8", 721.93, -141.73, "T", "SMD", "GND", "GND", "R", 47.244, 98.425, 0, 0, 90],
		[293, "U62_1", 98.42, 588.07, "T", "SMD", "TIM3_CH1", "", "R", 19.685, 66.929, 0, 0, 180],
		[294, "U62_2", 59.05, 588.07, "T", "SMD", "TIM3_CH2", "", "R", 19.685, 66.929, 0, 0, 180],
		[295, "U62_3", 19.68, 588.07, "T", "SMD", "TIM3_CH3", "", "R", 19.685, 66.929, 0, 0, 180],
		[296, "U62_4", -19.69, 588.07, "T", "SMD", "TIM3_CH4", "", "R", 19.685, 66.929, 0, 0, 180],
		[297, "U62_5", -59.06, 588.07, "T", "SMD", "5V", "", "R", 19.685, 66.929, 0, 0, 180],
		[298, "U62_6", -98.43, 588.07, "T", "SMD", "GND", "GND", "R", 19.685, 66.929, 0, 0, 180],
		[299, "U62_7", -141.73, 721.93, "T", "SMD", "GND", "GND", "R", 47.244, 98.425, 0, 0, 180],
		[300, "U62_8", 141.73, 721.93, "T", "SMD", "GND", "GND", "R", 47.244, 98.425, 0, 0, 180],
		[301, "X3_1", -433.465, 93.31, "T", "SMD", "OSCIN", "", "R", 55.118, 47.244, 0, 0, 270],
		[302, "X3_2", -433.465, 6.69, "T", "SMD", "GND", "GND", "R", 55.118, 47.244, 0, 0, 270],
		[303, "X3_3", -366.535, 6.69, "T", "SMD", "OSCOUT", "", "R", 55.118, 47.244, 0, 0, 270],
		[304, "X3_4", -366.535, 93.31, "T", "SMD", "GND", "GND", "R", 55.118, 47.244, 0, 0, 270],
		[305, "PAD1_2", 402.44, -5, "T", "SMD", "3V3", "", "R", 31.496, 35.433, 0, 0, 180],
		[306, "PAD2_1", 457.56, -5, "T", "SMD", "GND", "GND", "R", 31.496, 35.433, 0, 0, 180],
		[307, "PAD3_2", 337.44, -265, "T", "SMD", "3V3", "", "R", 31.496, 35.433, 0, 0, 180],
		[308, "PAD4_1", 392.56, -265, "T", "SMD", "GND", "GND", "R", 31.496, 35.433, 0, 0, 180],
		[309, "PAD5_2", 337.44, -335, "T", "SMD", "3V3", "", "R", 31.496, 35.433, 0, 0, 180],
		[310, "PAD6_1", 392.56, -335, "T", "SMD", "GND", "GND", "R", 31.496, 35.433, 0, 0, 180],
		[311, "PAD7_2", -425, 477.56, "T", "SMD", "3V3", "", "R", 31.496, 35.433, 0, 0, 90],
		[312, "PAD8_1", -425, 422.44, "T", "SMD", "GND", "GND", "R", 31.496, 35.433, 0, 0, 90],
		[313, "PAD9_2", -495, 477.56, "T", "SMD", "3V3", "", "R", 31.496, 35.433, 0, 0, 90],
		[314, "PAD10_1", -495, 422.44, "T", "SMD", "GND", "GND", "R", 31.496, 35.433, 0, 0, 90],
		[315, "PAD11_2", 7.44, 410, "T", "SMD", "3V3", "", "R", 31.496, 35.433, 0, 0, 180],
		[316, "PAD12_1", 62.56, 410, "T", "SMD", "GND", "GND", "R", 31.496, 35.433, 0, 0, 180],
		[317, "PAD13_2", 7.44, 480, "T", "SMD", "3V3", "", "R", 31.496, 35.433, 0, 0, 180],
		[318, "PAD14_1", 62.56, 480, "T", "SMD", "GND", "GND", "R", 31.496, 35.433, 0, 0, 180],
		[319, "PAD15_2", -102.44, 335, "T", "SMD", "$1N2558", "", "R", 31.496, 35.433, 0, 0, 0],
		[320, "PAD16_1", -157.56, 335, "T", "SMD", "GND", "GND", "R", 31.496, 35.433, 0, 0, 0],
		[321, "PAD17_2", -375, 324.66, "T", "SMD", "$1N1015", "", "R", 31.751, 34.016, 0, 0, 90],
		[322, "PAD18_1", -375, 265.34, "T", "SMD", "GND", "GND", "R", 31.751, 34.016, 0, 0, 90],
		[323, "PAD19_2", -220, 494.66, "T", "SMD", "LIS_ADDR", "", "R", 31.751, 34.016, 0, 0, 90],
		[324, "PAD20_1", -220, 435.34, "T", "SMD", "GND", "GND", "R", 31.751, 34.016, 0, 0, 90],
		[325, "PAD21_1", 398.2308, -88.1103, "T", "SMD", "SPI2_MISO", "", "R", 26.575, 11.024, 0, 0, 270],
		[326, "PAD22_5", 328.8408, -118.1103, "T", "SMD", "3V3", "", "R", 11.024, 26.575, 0, 0, 270],
		[327, "PAD23_6", 328.8408, -137.7903, "T", "SMD", "GND", "GND", "R", 11.024, 26.575, 0, 0, 270],
		[328, "PAD24_7", 328.8408, -157.4803, "T", "SMD", "GND", "GND", "R", 11.024, 26.575, 0, 0, 270],
		[329, "PAD25_8", 339.1708, -187.4803, "T", "SMD", "3V3", "", "R", 26.575, 11.024, 0, 0, 270],
		[330, "PAD26_11", 398.2308, -187.4803, "T", "SMD", "GND", "GND", "R", 26.575, 11.024, 0, 0, 270],
		[331, "PAD27_12", 408.5608, -157.4803, "T", "SMD", "SPI2_CS", "", "R", 11.024, 26.575, 0, 0, 270],
		[332, "PAD28_13", 408.5608, -137.7903, "T", "SMD", "SPI2_SCK", "", "R", 11.024, 26.575, 0, 0, 270],
		[333, "PAD29_14", 408.5608, -118.1103, "T", "SMD", "SPI2_MOSI", "", "R", 11.024, 26.575, 0, 0, 270],
		[334, "PAD30_1", -288.5, 488.6, "T", "SMD", "GND", "GND", "R", 27.56, 13.8, 0, 0, 0],
		[335, "PAD31_3", -288.5, 437, "T", "SMD", "I2C1_SDA", "", "R", 27.56, 13.8, 0, 0, 0],
		[336, "PAD32_4", -288.5, 411.4, "T", "SMD", "I2C1_SCL", "", "R", 27.56, 13.8, 0, 0, 0],
		[337, "PAD33_8", -351.5, 488.6, "T", "SMD", "3V3", "", "R", 27.56, 13.8, 0, 0, 0],
		[338, "PAD34_7", -351.5, 463, "T", "SMD", "GND", "GND", "R", 27.56, 13.8, 0, 0, 0],
		[339, "PAD35_6", -351.5, 437, "T", "SMD", "3V3", "", "R", 27.56, 13.8, 0, 0, 0],
		[340, "PAD36_5", -351.5, 411.4, "T", "SMD", "$1N1015", "", "R", 27.56, 13.8, 0, 0, 0],
		[341, "PAD37_12", -144.45, 440.16, "T", "SMD", "GND", "GND", "R", 19.685, 11.024, 0, 0, 0],
		[342, "PAD38_11", -144.45, 459.84, "T", "SMD", "I2C1_SDA", "", "R", 19.685, 11.024, 0, 0, 0],
		[343, "PAD39_10", -139.53, 484.45, "T", "SMD", "3V3", "", "R", 11.024, 19.685, 0, 0, 0],
		[344, "PAD40_9", -119.84, 484.45, "T", "SMD", "LIS_ADDR", "", "R", 11.024, 19.685, 0, 0, 0],
		[345, "PAD41_6", -75.55, 459.84, "T", "SMD", "3V3", "", "R", 19.685, 11.024, 0, 0, 0],
		[346, "PAD42_5", -75.55, 440.16, "T", "SMD", "3V3", "", "R", 19.685, 11.024, 0, 0, 0],
		[347, "PAD43_4", -80.47, 415.55, "T", "SMD", "$1N2558", "", "R", 11.024, 19.685, 0, 0, 0],
		[348, "PAD44_3", -100.16, 415.55, "T", "SMD", "GND", "GND", "R", 11.024, 19.685, 0, 0, 0],
		[349, "PAD45_2", -119.84, 415.55, "T", "SMD", "GND", "GND", "R", 11.024, 19.685, 0, 0, 0],
		[350, "PAD46_1", -139.53, 415.55, "T", "SMD", "I2C1_SCL", "", "R", 11.024, 19.685, 0, 0, 0],
		[351, "PAD47_1", -600.3937, 600.3937, "T", "DIP", "GND", "GND", "C", 126, 126, 126, 126, 0],
		[352, "PAD47_1", -600.3937, 600.3937, "B", "DIP", "GND", "GND", "C", 126, 126, 126, 126, 0],
		[353, "PAD48_2", -247.44, 260, "T", "SMD", "3V3", "", "R", 31.496, 35.433, 0, 0, 0],
		[354, "PAD49_1", -302.56, 260, "T", "SMD", "GND", "GND", "R", 31.496, 35.433, 0, 0, 0],
		[355, "PAD50_2", -247.44, 330, "T", "SMD", "3V3", "", "R", 31.496, 35.433, 0, 0, 0],
		[356, "PAD51_1", -302.56, 330, "T", "SMD", "GND", "GND", "R", 31.496, 35.433, 0, 0, 0],
		[357, "PAD52_2", -127.44, -335, "T", "SMD", "3V3", "", "R", 31.496, 35.433, 0, 0, 0],
		[358, "PAD53_1", -182.56, -335, "T", "SMD", "GND", "GND", "R", 31.496, 35.433, 0, 0, 0],
		[359, "PAD54_2", 207.44, -265, "T", "SMD", "3V3", "", "R", 31.496, 35.433, 0, 0, 180],
		[360, "PAD55_1", 262.56, -265, "T", "SMD", "GND", "GND", "R", 31.496, 35.433, 0, 0, 180],
		[361, "PAD56_2", 102.44, 335, "T", "SMD", "3V3", "", "R", 31.496, 35.433, 0, 0, 180],
		[362, "PAD57_1", 157.56, 335, "T", "SMD", "GND", "GND", "R", 31.496, 35.433, 0, 0, 180],
		[363, "PAD58_2", -372.44, -170, "T", "SMD", "3V3", "", "R", 31.496, 35.433, 0, 0, 0],
		[364, "PAD59_1", -427.56, -170, "T", "SMD", "GND", "GND", "R", 31.496, 35.433, 0, 0, 0],
		[365, "PAD60_2", 330, 57.56, "T", "SMD", "$1N22340", "", "R", 31.496, 35.433, 0, 0, 90],
		[366, "PAD61_1", 330, 2.44, "T", "SMD", "GND", "GND", "R", 31.496, 35.433, 0, 0, 90],
		[367, "PAD62_2", 207.44, -335, "T", "SMD", "$1N22341", "", "R", 31.496, 35.433, 0, 0, 180],
		[368, "PAD63_1", 262.56, -335, "T", "SMD", "GND", "GND", "R", 31.496, 35.433, 0, 0, 180],
		[369, "PAD64_2", -427.56, -75, "T", "SMD", "GND", "GND", "R", 31.496, 35.433, 0, 0, 180],
		[370, "PAD65_1", -372.44, -75, "T", "SMD", "OSCOUT", "", "R", 31.496, 35.433, 0, 0, 180],
		[371, "PAD66_2", 545, 227.56, "T", "SMD", "GND", "GND", "R", 31.496, 35.433, 0, 0, 90],
		[372, "PAD67_1", 545, 172.44, "T", "SMD", "NRST", "", "R", 31.496, 35.433, 0, 0, 90],
		[373, "PAD68_2", -427.56, 175, "T", "SMD", "OSCIN", "", "R", 31.496, 35.433, 0, 0, 180],
		[374, "PAD69_1", -372.44, 175, "T", "SMD", "GND", "GND", "R", 31.496, 35.433, 0, 0, 180],
		[375, "PAD70_1", 344.0551, -723.8189, "B", "SMD", "$1N25196", "", "R", 78.7402, 53.1496, 0, 0, 270],
		[376, "PAD71_1", 435.9449, -723.8189, "B", "SMD", "$1N25385", "", "R", 78.7402, 53.1496, 0, 0, 270],
		[377, "PAD72_1", -750.515, -464.25, "T", "SMD", "$1N24972", "", "R", 21.654, 21.654, 0, 0, 0],
		[378, "PAD73_2", -689.485, -464.25, "T", "SMD", "$1N24975", "", "R", 21.654, 21.654, 0, 0, 0],
		[379, "PAD74_3", -750.515, -495.75, "T", "SMD", "3V3", "", "R", 21.654, 21.654, 0, 0, 0],
		[380, "PAD75_4", -689.485, -495.75, "T", "SMD", "$1N24978", "", "R", 21.654, 21.654, 0, 0, 0],
		[381, "PAD76_2", 445, 479.66, "T", "SMD", "GND", "GND", "R", 31.751, 34.016, 0, 0, 90],
		[382, "PAD77_1", 445, 420.34, "T", "SMD", "BOOT0", "", "R", 31.751, 34.016, 0, 0, 90],
		[383, "PAD78_2", 459.66, 60, "T", "SMD", "NRST", "", "R", 31.751, 34.016, 0, 0, 0],
		[384, "PAD79_1", 400.34, 60, "T", "SMD", "3V3", "", "R", 31.751, 34.016, 0, 0, 0],
		[385, "PAD80_2", 325.34, -605, "T", "SMD", "GND", "GND", "R", 31.751, 34.016, 0, 0, 180],
		[386, "PAD81_1", 384.66, -605, "T", "SMD", "$1N24539", "", "R", 31.751, 34.016, 0, 0, 180],
		[387, "PAD82_2", -325.34, -605, "T", "SMD", "GND", "GND", "R", 31.751, 34.016, 0, 0, 0],
		[388, "PAD83_1", -384.66, -605, "T", "SMD", "$1N24657", "", "R", 31.751, 34.016, 0, 0, 0],
		[389, "PAD84_2", -440.34, 295, "T", "SMD", "3V3", "", "R", 31.751, 34.016, 0, 0, 0],
		[390, "PAD85_1", -499.66, 295, "T", "SMD", "I2C1_SCL", "", "R", 31.751, 34.016, 0, 0, 0],
		[391, "PAD86_2", -440.34, 355, "T", "SMD", "3V3", "", "R", 31.751, 34.016, 0, 0, 0],
		[392, "PAD87_1", -499.66, 355, "T", "SMD", "I2C1_SDA", "", "R", 31.751, 34.016, 0, 0, 0],
		[393, "PAD88_2", -59.66, -335, "T", "SMD", "3V3", "", "R", 31.751, 34.016, 0, 0, 180],
		[394, "PAD89_1", -0.34, -335, "T", "SMD", "I2C2_SCL", "", "R", 31.751, 34.016, 0, 0, 180],
		[395, "PAD90_2", 139.66, -335, "T", "SMD", "3V3", "", "R", 31.751, 34.016, 0, 0, 0],
		[396, "PAD91_1", 80.34, -335, "T", "SMD", "I2C2_SDA", "", "R", 31.751, 34.016, 0, 0, 0],
		[397, "PAD92_2", -444, -313.66, "T", "SMD", "$1N24972", "", "R", 31.751, 34.016, 0, 0, 270],
		[398, "PAD93_1", -444, -254.34, "T", "SMD", "LED1", "", "R", 31.751, 34.016, 0, 0, 270],
		[399, "PAD94_2", -384, -313.66, "T", "SMD", "$1N24975", "", "R", 31.751, 34.016, 0, 0, 270],
		[400, "PAD95_1", -384, -254.34, "T", "SMD", "LED2", "", "R", 31.751, 34.016, 0, 0, 270],
		[401, "PAD96_2", -324, -313.66, "T", "SMD", "$1N24978", "", "R", 31.751, 34.016, 0, 0, 270],
		[402, "PAD97_1", -324, -254.34, "T", "SMD", "LED3", "", "R", 31.751, 34.016, 0, 0, 270],
		[403, "PAD98_2", 25, -474.66, "T", "SMD", "$1N25196", "", "R", 31.751, 34.016, 0, 0, 270],
		[404, "PAD99_1", 25, -415.34, "T", "SMD", "ADC1", "", "R", 31.751, 34.016, 0, 0, 270],
		[405, "PAD100_2", -40, -415.34, "T", "SMD", "ADC1", "", "R", 31.751, 34.016, 0, 0, 90],
		[406, "PAD101_1", -40, -474.66, "T", "SMD", "GND", "GND", "R", 31.751, 34.016, 0, 0, 90],
		[407, "PAD102_2", 155, -474.66, "T", "SMD", "$1N25385", "", "R", 31.751, 34.016, 0, 0, 270],
		[408, "PAD103_1", 155, -415.34, "T", "SMD", "ADC2", "", "R", 31.751, 34.016, 0, 0, 270],
		[409, "PAD104_2", 90, -415.34, "T", "SMD", "ADC2", "", "R", 31.751, 34.016, 0, 0, 90],
		[410, "PAD105_1", 90, -474.66, "T", "SMD", "GND", "GND", "R", 31.751, 34.016, 0, 0, 90],
		[411, "PAD106_1", 600.3937, 600.3937, "T", "DIP", "GND", "GND", "C", 126, 126, 126, 126, 0],
		[412, "PAD106_1", 600.3937, 600.3937, "B", "DIP", "GND", "GND", "C", 126, 126, 126, 126, 0],
		[413, "PAD107_1", -600.3937, -600.3937, "T", "DIP", "GND", "GND", "C", 126, 126, 126, 126, 0],
		[414, "PAD107_1", -600.3937, -600.3937, "B", "DIP", "GND", "GND", "C", 126, 126, 126, 126, 0],
		[415, "PAD108_1", 600.3937, -600.3937, "T", "DIP", "GND", "GND", "C", 126, 126, 126, 126, 0],
		[416, "PAD108_1", 600.3937, -600.3937, "B", "DIP", "GND", "GND", "C", 126, 126, 126, 126, 0],
		[417, "PAD109_1", 304.88, 180, "T", "SMD", "GND", "GND", "R", 60.236, 53.543, 0, 0, 0],
		[418, "PAD110_2", 465.12, 180, "T", "SMD", "NRST", "", "R", 60.236, 53.543, 0, 0, 0],
		[419, "PAD111_1", 304.88, 315, "T", "SMD", "3V3", "", "R", 60.236, 53.543, 0, 0, 0],
		[420, "PAD112_2", 465.12, 315, "T", "SMD", "BOOT0", "", "R", 60.236, 53.543, 0, 0, 0],
		[421, "PAD113_1", 434.4507, -708.6614, "T", "SMD", "$1N24539", "", "R", 60.236, 53.543, 0, 0, 180],
		[422, "PAD114_2", 274.2107, -708.6614, "T", "SMD", "BUTTON1", "", "R", 60.236, 53.543, 0, 0, 180],
		[423, "PAD115_1", -434.4507, -708.6614, "T", "SMD", "$1N24657", "", "R", 60.236, 53.543, 0, 0, 0],
		[424, "PAD116_2", -274.2107, -708.6614, "T", "SMD", "BUTTON2", "", "R", 60.236, 53.543, 0, 0, 0],
		[425, "PAD117_64", -182.64, 231.37, "T", "SMD", "3V3", "", "O", 78.74, 11.811, 0, 0, 270],
		[426, "PAD118_63", -162.95, 231.37, "T", "SMD", "GND", "GND", "O", 78.74, 11.811, 0, 0, 270],
		[427, "PAD119_62", -143.27, 231.37, "T", "SMD", "I2C1_SDA", "", "O", 78.74, 11.811, 0, 0, 270],
		[428, "PAD120_61", -123.58, 231.37, "T", "SMD", "I2C1_SCL", "", "O", 78.74, 11.811, 0, 0, 270],
		[429, "PAD121_60", -103.9, 231.37, "T", "SMD", "BOOT0", "", "O", 78.74, 11.811, 0, 0, 270],
		[430, "PAD122_59", -84.21, 231.37, "T", "SMD", "UART1_RX", "", "O", 78.74, 11.811, 0, 0, 270],
		[431, "PAD123_58", -64.53, 231.37, "T", "SMD", "UART1_TX", "", "O", 78.74, 11.811, 0, 0, 270],
		[432, "PAD124_57", -44.84, 231.37, "T", "SMD", "TIM3_CH2", "", "O", 78.74, 11.811, 0, 0, 270],
		[433, "PAD125_56", -25.16, 231.37, "T", "SMD", "TIM3_CH1", "", "O", 78.74, 11.811, 0, 0, 270],
		[434, "PAD126_55", -5.47, 231.37, "T", "SMD", "TIM2_CH2", "", "O", 78.74, 11.811, 0, 0, 270],
		[435, "PAD127_54", 14.21, 231.37, "T", "SMD", "UART5_RX", "", "O", 78.74, 11.811, 0, 0, 270],
		[436, "PAD128_53", 33.9, 231.37, "T", "SMD", "UART5_TX", "", "O", 78.74, 11.811, 0, 0, 270],
		[437, "PAD129_52", 53.58, 231.37, "T", "SMD", "UART3_RX", "", "O", 78.74, 11.811, 0, 0, 270],
		[438, "PAD130_51", 73.27, 231.37, "T", "SMD", "UART3_TX", "", "O", 78.74, 11.811, 0, 0, 270],
		[439, "PAD131_50", 92.95, 231.37, "T", "SMD", "TIM2_CH1", "", "O", 78.74, 11.811, 0, 0, 270],
		[440, "PAD132_49", 112.64, 231.37, "T", "SMD", "SWCLK", "", "O", 78.74, 11.811, 0, 0, 270],
		[441, "PAD133_48", 191.37, 152.64, "T", "SMD", "3V3", "", "O", 11.811, 78.74, 0, 0, 270],
		[442, "PAD134_47", 191.37, 132.95, "T", "SMD", "$1N22340", "", "O", 11.811, 78.74, 0, 0, 270],
		[443, "PAD135_46", 191.37, 113.27, "T", "SMD", "SWDIO", "", "O", 11.811, 78.74, 0, 0, 270],
		[444, "PAD136_45", 191.37, 93.58, "T", "SMD", "BUTTON2", "", "O", 11.811, 78.74, 0, 0, 270],
		[445, "PAD137_44", 191.37, 73.9, "T", "SMD", "TIM1_CH4", "", "O", 11.811, 78.74, 0, 0, 270],
		[446, "PAD138_43", 191.37, 54.21, "T", "SMD", "TIM1_CH3", "", "O", 11.811, 78.74, 0, 0, 270],
		[447, "PAD139_42", 191.37, 34.53, "T", "SMD", "TIM1_CH2", "", "O", 11.811, 78.74, 0, 0, 270],
		[448, "PAD140_41", 191.37, 14.84, "T", "SMD", "TIM1_CH1", "", "O", 11.811, 78.74, 0, 0, 270],
		[449, "PAD141_40", 191.37, -4.84, "T", "SMD", "TIM3_CH4", "", "O", 11.811, 78.74, 0, 0, 270],
		[450, "PAD142_39", 191.37, -24.53, "T", "SMD", "TIM3_CH3", "", "O", 11.811, 78.74, 0, 0, 270],
		[451, "PAD143_38", 191.37, -44.21, "T", "SMD", "UART6_RX", "", "O", 11.811, 78.74, 0, 0, 270],
		[452, "PAD144_37", 191.37, -63.9, "T", "SMD", "UART6_TX", "", "O", 11.811, 78.74, 0, 0, 270],
		[453, "PAD145_36", 191.37, -83.58, "T", "SMD", "SPI2_MOSI", "", "O", 11.811, 78.74, 0, 0, 270],
		[454, "PAD146_35", 191.37, -103.27, "T", "SMD", "SPI2_MISO", "", "O", 11.811, 78.74, 0, 0, 270],
		[455, "PAD147_34", 191.37, -122.95, "T", "SMD", "SPI2_SCK", "", "O", 11.811, 78.74, 0, 0, 270],
		[456, "PAD148_33", 191.37, -142.64, "T", "SMD", "SPI2_CS", "", "O", 11.811, 78.74, 0, 0, 270],
		[457, "PAD149_32", 112.64, -221.37, "T", "SMD", "3V3", "", "O", 78.74, 11.811, 0, 0, 270],
		[458, "PAD150_31", 92.95, -221.37, "T", "SMD", "$1N22341", "", "O", 78.74, 11.811, 0, 0, 270],
		[459, "PAD151_30", 73.27, -221.37, "T", "SMD", "I2C2_SDA", "", "O", 78.74, 11.811, 0, 0, 270],
		[460, "PAD152_29", 53.58, -221.37, "T", "SMD", "I2C2_SCL", "", "O", 78.74, 11.811, 0, 0, 270],
		[461, "PAD153_28", 33.9, -221.37, "T", "SMD", "BUTTON1", "", "O", 78.74, 11.811, 0, 0, 270],
		[462, "PAD154_27", 14.21, -221.37, "T", "SMD", "ADC2", "", "O", 78.74, 11.811, 0, 0, 270],
		[463, "PAD155_26", -5.47, -221.37, "T", "SMD", "ADC1", "", "O", 78.74, 11.811, 0, 0, 270],
		[464, "PAD156_25", -25.16, -221.37, "T", "SMD", "G01_CE", "", "O", 78.74, 11.811, 0, 0, 270],
		[465, "PAD157_24", -44.84, -221.37, "T", "SMD", "G01_IRQ", "", "O", 78.74, 11.811, 0, 0, 270],
		[466, "PAD158_23", -64.53, -221.37, "T", "SMD", "G01_MOSI", "", "O", 78.74, 11.811, 0, 0, 270],
		[467, "PAD159_22", -84.21, -221.37, "T", "SMD", "G01_MISO", "", "O", 78.74, 11.811, 0, 0, 270],
		[468, "PAD160_21", -103.9, -221.37, "T", "SMD", "G01_SCK", "", "O", 78.74, 11.811, 0, 0, 270],
		[469, "PAD161_20", -123.58, -221.37, "T", "SMD", "G01_CS", "", "O", 78.74, 11.811, 0, 0, 270],
		[470, "PAD162_19", -143.27, -221.37, "T", "SMD", "3V3", "", "O", 78.74, 11.811, 0, 0, 270],
		[471, "PAD163_18", -162.95, -221.37, "T", "SMD", "GND", "GND", "O", 78.74, 11.811, 0, 0, 270],
		[472, "PAD164_17", -182.64, -221.37, "T", "SMD", "UART2_RX", "", "O", 78.74, 11.811, 0, 0, 270],
		[473, "PAD165_16", -261.37, -142.64, "T", "SMD", "UART2_TX", "", "O", 11.811, 78.74, 0, 0, 270],
		[474, "PAD166_15", -261.37, -122.95, "T", "SMD", "UART4_RX", "", "O", 11.811, 78.74, 0, 0, 270],
		[475, "PAD167_14", -261.37, -103.27, "T", "SMD", "UART4_TX", "", "O", 11.811, 78.74, 0, 0, 270],
		[476, "PAD168_13", -261.37, -83.58, "T", "SMD", "3V3", "", "O", 11.811, 78.74, 0, 0, 270],
		[477, "PAD169_12", -261.37, -63.9, "T", "SMD", "GND", "GND", "O", 11.811, 78.74, 0, 0, 270],
		[478, "PAD170_11", -261.37, -44.21, "T", "SMD", "GPIO4", "", "O", 11.811, 78.74, 0, 0, 270],
		[479, "PAD171_10", -261.37, -24.53, "T", "SMD", "GPIO3", "", "O", 11.811, 78.74, 0, 0, 270],
		[480, "PAD172_9", -261.37, -4.84, "T", "SMD", "GPIO2", "", "O", 11.811, 78.74, 0, 0, 270],
		[481, "PAD173_8", -261.37, 14.84, "T", "SMD", "GPIO1", "", "O", 11.811, 78.74, 0, 0, 270],
		[482, "PAD174_7", -261.37, 34.53, "T", "SMD", "NRST", "", "O", 11.811, 78.74, 0, 0, 270],
		[483, "PAD175_6", -261.37, 54.21, "T", "SMD", "OSCOUT", "", "O", 11.811, 78.74, 0, 0, 270],
		[484, "PAD176_5", -261.37, 73.9, "T", "SMD", "OSCIN", "", "O", 11.811, 78.74, 0, 0, 270],
		[485, "PAD177_4", -261.37, 93.58, "T", "SMD", "LED3", "", "O", 11.811, 78.74, 0, 0, 270],
		[486, "PAD178_3", -261.37, 113.27, "T", "SMD", "LED2", "", "O", 11.811, 78.74, 0, 0, 270],
		[487, "PAD179_2", -261.37, 132.95, "T", "SMD", "LED1", "", "O", 11.811, 78.74, 0, 0, 270],
		[488, "PAD180_1", -261.37, 152.64, "T", "SMD", "3V3", "", "O", 11.811, 78.74, 0, 0, 270],
		[489, "PAD181_1", -152.1657, -39.3701, "B", "SMD", "3V3_RF", "", "P", 39.3701, 78.7402, 0, 0, 90],
		[490, "PAD182_2", -102.1657, -39.3701, "B", "SMD", "G01_CE", "", "P", 39.3701, 78.7402, 0, 0, 90],
		[491, "PAD183_3", -52.1657, -39.3701, "B", "SMD", "G01_CS", "", "P", 39.3701, 78.7402, 0, 0, 90],
		[492, "PAD184_4", -2.1657, -39.3701, "B", "SMD", "G01_SCK", "", "P", 39.3701, 78.7402, 0, 0, 90],
		[493, "PAD185_5", 47.8343, -39.3701, "B", "SMD", "G01_MOSI", "", "P", 39.3701, 78.7402, 0, 0, 90],
		[494, "PAD186_6", 97.8343, -39.3701, "B", "SMD", "G01_MISO", "", "P", 39.3701, 78.7402, 0, 0, 90],
		[495, "PAD187_7", 147.8343, -39.3701, "B", "SMD", "G01_IRQ", "", "P", 39.3701, 78.7402, 0, 0, 90],
		[496, "PAD188_8", 197.8343, -39.3701, "B", "SMD", "GND", "GND", "P", 39.3701, 78.7402, 0, 0, 90],
		[497, "PAD189_8", -141.73, -721.93, "T", "SMD", "GND", "GND", "R", 47.244, 98.425, 0, 0, 0],
		[498, "PAD190_7", 141.73, -721.93, "T", "SMD", "GND", "GND", "R", 47.244, 98.425, 0, 0, 0],
		[499, "PAD191_3", -19.68, -588.07, "T", "SMD", "5V", "", "R", 19.685, 66.929, 0, 0, 0],
		[500, "PAD192_2", -59.05, -588.07, "T", "SMD", "I2C2_SCL", "", "R", 19.685, 66.929, 0, 0, 0],
		[501, "PAD193_1", -98.42, -588.07, "T", "SMD", "I2C2_SDA", "", "R", 19.685, 66.929, 0, 0, 0],
		[502, "PAD194_4", 19.69, -588.07, "T", "SMD", "GND", "GND", "R", 19.685, 66.929, 0, 0, 0],
		[503, "PAD195_5", 59.06, -588.07, "T", "SMD", "UART2_TX", "", "R", 19.685, 66.929, 0, 0, 0],
		[504, "PAD196_6", 98.43, -588.07, "T", "SMD", "UART2_RX", "", "R", 19.685, 66.929, 0, 0, 0],
		[505, "PAD197_1", -433.465, 93.31, "T", "SMD", "OSCIN", "", "R", 55.118, 47.244, 0, 0, 270],
		[506, "PAD198_2", -433.465, 6.69, "T", "SMD", "GND", "GND", "R", 55.118, 47.244, 0, 0, 270],
		[507, "PAD199_3", -366.535, 6.69, "T", "SMD", "OSCOUT", "", "R", 55.118, 47.244, 0, 0, 270],
		[508, "PAD200_4", -366.535, 93.31, "T", "SMD", "GND", "GND", "R", 55.118, 47.244, 0, 0, 270],
		[509, "PAD201_4", 590.3488, 413.3907, "T", "SMD", "5V", "", "R", 19.685, 66.929, 0, 0, 90],
		[510, "PAD202_1", 590.3488, 295.2807, "T", "SMD", "SWCLK", "", "R", 19.685, 66.929, 0, 0, 90],
		[511, "PAD203_2", 590.3488, 334.6507, "T", "SMD", "SWDIO", "", "R", 19.685, 66.929, 0, 0, 90],
		[512, "PAD204_3", 590.3488, 374.0207, "T", "SMD", "GND", "GND", "R", 19.685, 66.929, 0, 0, 90],
		[513, "PAD205_5", 724.2088, 456.6907, "T", "SMD", "GND", "GND", "R", 47.244, 98.425, 0, 0, 90],
		[514, "PAD206_6", 724.2088, 251.9707, "T", "SMD", "GND", "GND", "R", 47.244, 98.425, 0, 0, 90],
		[515, "PAD207_4", -591.521, 240.9006, "T", "SMD", "5V", "", "R", 19.685, 66.929, 0, 0, 270],
		[516, "PAD208_1", -591.521, 359.0106, "T", "SMD", "I2C1_SDA", "", "R", 19.685, 66.929, 0, 0, 270],
		[517, "PAD209_2", -591.521, 319.6406, "T", "SMD", "I2C1_SCL", "", "R", 19.685, 66.929, 0, 0, 270],
		[518, "PAD210_3", -591.521, 280.2706, "T", "SMD", "GND", "GND", "R", 19.685, 66.929, 0, 0, 270],
		[519, "PAD211_5", -725.381, 197.6006, "T", "SMD", "GND", "GND", "R", 47.244, 98.425, 0, 0, 270],
		[520, "PAD212_6", -725.381, 402.3206, "T", "SMD", "GND", "GND", "R", 47.244, 98.425, 0, 0, 270],
		[521, "PAD213_4", -591.521, -359.0206, "T", "SMD", "5V", "", "R", 19.685, 66.929, 0, 0, 270],
		[522, "PAD214_1", -591.521, -240.9106, "T", "SMD", "UART4_TX", "", "R", 19.685, 66.929, 0, 0, 270],
		[523, "PAD215_2", -591.521, -280.2806, "T", "SMD", "UART4_RX", "", "R", 19.685, 66.929, 0, 0, 270],
		[524, "PAD216_3", -591.521, -319.6506, "T", "SMD", "GND", "GND", "R", 19.685, 66.929, 0, 0, 270],
		[525, "PAD217_5", -725.381, -402.3206, "T", "SMD", "GND", "GND", "R", 47.244, 98.425, 0, 0, 270],
		[526, "PAD218_6", -725.381, -197.6006, "T", "SMD", "GND", "GND", "R", 47.244, 98.425, 0, 0, 270],
		[527, "PAD219_4", -413.3907, 590.3488, "T", "SMD", "5V", "", "R", 19.685, 66.929, 0, 0, 180],
		[528, "PAD220_1", -295.2807, 590.3488, "T", "SMD", "UART1_TX", "", "R", 19.685, 66.929, 0, 0, 180],
		[529, "PAD221_2", -334.6507, 590.3488, "T", "SMD", "UART1_RX", "", "R", 19.685, 66.929, 0, 0, 180],
		[530, "PAD222_3", -374.0207, 590.3488, "T", "SMD", "GND", "GND", "R", 19.685, 66.929, 0, 0, 180],
		[531, "PAD223_5", -456.6907, 724.2088, "T", "SMD", "GND", "GND", "R", 47.244, 98.425, 0, 0, 180],
		[532, "PAD224_6", -251.9707, 724.2088, "T", "SMD", "GND", "GND", "R", 47.244, 98.425, 0, 0, 180],
		[533, "PAD225_4", -591.521, -59.06, "T", "SMD", "5V", "", "R", 19.685, 66.929, 0, 0, 270],
		[534, "PAD226_1", -591.521, 59.05, "T", "SMD", "UART3_TX", "", "R", 19.685, 66.929, 0, 0, 270],
		[535, "PAD227_2", -591.521, 19.68, "T", "SMD", "UART3_RX", "", "R", 19.685, 66.929, 0, 0, 270],
		[536, "PAD228_3", -591.521, -19.69, "T", "SMD", "GND", "GND", "R", 19.685, 66.929, 0, 0, 270],
		[537, "PAD229_5", -725.381, -102.36, "T", "SMD", "GND", "GND", "R", 47.244, 98.425, 0, 0, 270],
		[538, "PAD230_6", -725.381, 102.36, "T", "SMD", "GND", "GND", "R", 47.244, 98.425, 0, 0, 270],
		[539, "PAD231_2", 230, 277.44, "T", "SMD", "3V3", "", "R", 31.496, 35.433, 0, 0, 270],
		[540, "PAD232_1", 230, 332.56, "T", "SMD", "GND", "GND", "R", 31.496, 35.433, 0, 0, 270],
		[541, "PAD233_2", -185, -417.44, "T", "SMD", "3V3_RF", "", "R", 31.496, 35.433, 0, 0, 90],
		[542, "PAD234_1", -185, -472.56, "T", "SMD", "GND", "GND", "R", 31.496, 35.433, 0, 0, 90],
		[543, "PAD235_1", -723.7997, 137.7953, "B", "SMD", "GPIO1", "", "R", 78.7402, 53.1496, 0, 0, 180],
		[544, "PAD236_1", -723.7997, 45.9318, "B", "SMD", "GPIO2", "", "R", 78.7402, 53.1496, 0, 0, 180],
		[545, "PAD237_1", -723.7997, -45.9318, "B", "SMD", "GPIO3", "", "R", 78.7402, 53.1496, 0, 0, 180],
		[546, "PAD238_1", -723.7997, -137.7953, "B", "SMD", "GPIO4", "", "R", 78.7402, 53.1496, 0, 0, 180],
		[547, "PAD239_5", 133.815, 407.6, "T", "SMD", "3V3", "", "R", 39.37, 23.622, 0, 0, 0],
		[548, "PAD240_4", 133.815, 482.4, "T", "SMD", "GND", "GND", "R", 39.37, 23.622, 0, 0, 0],
		[549, "PAD241_3", 236.185, 482.4, "T", "SMD", "5V", "", "R", 39.37, 23.622, 0, 0, 0],
		[550, "PAD242_2", 236.185, 445, "T", "SMD", "GND", "GND", "R", 39.37, 23.622, 0, 0, 0],
		[551, "PAD243_1", 236.185, 407.6, "T", "SMD", "5V", "", "R", 39.37, 23.622, 0, 0, 0],
		[552, "PAD244_5", -253.815, -407.6, "T", "SMD", "3V3_RF", "", "R", 39.37, 23.622, 0, 0, 180],
		[553, "PAD245_4", -253.815, -482.4, "T", "SMD", "GND", "GND", "R", 39.37, 23.622, 0, 0, 180],
		[554, "PAD246_3", -356.185, -482.4, "T", "SMD", "5V", "", "R", 39.37, 23.622, 0, 0, 180],
		[555, "PAD247_2", -356.185, -445, "T", "SMD", "GND", "GND", "R", 39.37, 23.622, 0, 0, 180],
		[556, "PAD248_1", -356.185, -407.6, "T", "SMD", "5V", "", "R", 39.37, 23.622, 0, 0, 180],
		[557, "PAD249_2", 27.56, 335, "T", "SMD", "3V3", "", "R", 31.496, 35.433, 0, 0, 0],
		[558, "PAD250_1", -27.56, 335, "T", "SMD", "GND", "GND", "R", 31.496, 35.433, 0, 0, 0],
		[559, "PAD251_2", 305, 477.56, "T", "SMD", "5V", "", "R", 31.496, 35.433, 0, 0, 90],
		[560, "PAD252_1", 305, 422.44, "T", "SMD", "GND", "GND", "R", 31.496, 35.433, 0, 0, 90],
		[561, "PAD253_2", 375, 477.56, "T", "SMD", "5V", "", "R", 31.496, 35.433, 0, 0, 90],
		[562, "PAD254_1", 375, 422.44, "T", "SMD", "GND", "GND", "R", 31.496, 35.433, 0, 0, 90],
		[563, "PAD255_2", -426.83, -410.213, "T", "SMD", "5V", "", "R", 31.496, 35.433, 0, 0, 0],
		[564, "PAD256_1", -481.95, -410.213, "T", "SMD", "GND", "GND", "R", 31.496, 35.433, 0, 0, 0],
		[565, "PAD257_2", -110, -417.44, "T", "SMD", "3V3_RF", "", "R", 31.496, 35.433, 0, 0, 90],
		[566, "PAD258_1", -110, -472.56, "T", "SMD", "GND", "GND", "R", 31.496, 35.433, 0, 0, 90],
		[567, "PAD259_2", -426.83, -480.213, "T", "SMD", "5V", "", "R", 31.496, 35.433, 0, 0, 0],
		[568, "PAD260_1", -481.95, -480.213, "T", "SMD", "GND", "GND", "R", 31.496, 35.433, 0, 0, 0],
		[569, "PAD261_4", 590.3488, -295.2707, "T", "SMD", "5V", "", "R", 19.685, 66.929, 0, 0, 90],
		[570, "PAD262_1", 590.3488, -413.3807, "T", "SMD", "UART6_TX", "", "R", 19.685, 66.929, 0, 0, 90],
		[571, "PAD263_2", 590.3488, -374.0107, "T", "SMD", "UART6_RX", "", "R", 19.685, 66.929, 0, 0, 90],
		[572, "PAD264_3", 590.3488, -334.6407, "T", "SMD", "GND", "GND", "R", 19.685, 66.929, 0, 0, 90],
		[573, "PAD265_5", 724.2088, -251.9707, "T", "SMD", "GND", "GND", "R", 47.244, 98.425, 0, 0, 90],
		[574, "PAD266_6", 724.2088, -456.6907, "T", "SMD", "GND", "GND", "R", 47.244, 98.425, 0, 0, 90],
		[575, "PAD267_4", 295.2707, 590.3488, "T", "SMD", "5V", "", "R", 19.685, 66.929, 0, 0, 180],
		[576, "PAD268_1", 413.3807, 590.3488, "T", "SMD", "UART5_TX", "", "R", 19.685, 66.929, 0, 0, 180],
		[577, "PAD269_2", 374.0107, 590.3488, "T", "SMD", "UART5_RX", "", "R", 19.685, 66.929, 0, 0, 180],
		[578, "PAD270_3", 334.6407, 590.3488, "T", "SMD", "GND", "GND", "R", 19.685, 66.929, 0, 0, 180],
		[579, "PAD271_5", 251.9707, 724.2088, "T", "SMD", "GND", "GND", "R", 47.244, 98.425, 0, 0, 180],
		[580, "PAD272_6", 456.6907, 724.2088, "T", "SMD", "GND", "GND", "R", 47.244, 98.425, 0, 0, 180],
		[581, "PAD273_8", 721.93, -141.73, "T", "SMD", "GND", "GND", "R", 47.244, 98.425, 0, 0, 90],
		[582, "PAD274_7", 721.93, 141.73, "T", "SMD", "GND", "GND", "R", 47.244, 98.425, 0, 0, 90],
		[583, "PAD275_3", 588.07, -19.68, "T", "SMD", "TIM1_CH3", "", "R", 19.685, 66.929, 0, 0, 90],
		[584, "PAD276_2", 588.07, -59.05, "T", "SMD", "TIM1_CH2", "", "R", 19.685, 66.929, 0, 0, 90],
		[585, "PAD277_1", 588.07, -98.42, "T", "SMD", "TIM1_CH1", "", "R", 19.685, 66.929, 0, 0, 90],
		[586, "PAD278_4", 588.07, 19.69, "T", "SMD", "TIM1_CH4", "", "R", 19.685, 66.929, 0, 0, 90],
		[587, "PAD279_5", 588.07, 59.06, "T", "SMD", "5V", "", "R", 19.685, 66.929, 0, 0, 90],
		[588, "PAD280_6", 588.07, 98.43, "T", "SMD", "GND", "GND", "R", 19.685, 66.929, 0, 0, 90],
		[589, "PAD281_8", 141.73, 721.93, "T", "SMD", "GND", "GND", "R", 47.244, 98.425, 0, 0, 180],
		[590, "PAD282_7", -141.73, 721.93, "T", "SMD", "GND", "GND", "R", 47.244, 98.425, 0, 0, 180],
		[591, "PAD283_3", 19.68, 588.07, "T", "SMD", "TIM3_CH3", "", "R", 19.685, 66.929, 0, 0, 180],
		[592, "PAD284_2", 59.05, 588.07, "T", "SMD", "TIM3_CH2", "", "R", 19.685, 66.929, 0, 0, 180],
		[593, "PAD285_1", 98.42, 588.07, "T", "SMD", "TIM3_CH1", "", "R", 19.685, 66.929, 0, 0, 180],
		[594, "PAD286_4", -19.69, 588.07, "T", "SMD", "TIM3_CH4", "", "R", 19.685, 66.929, 0, 0, 180],
		[595, "PAD287_5", -59.06, 588.07, "T", "SMD", "5V", "", "R", 19.685, 66.929, 0, 0, 180],
		[596, "PAD288_6", -98.43, 588.07, "T", "SMD", "GND", "GND", "R", 19.685, 66.929, 0, 0, 180],
		[597, "PAD289_1", 45.9449, 723.8189, "B", "SMD", "TIM2_CH1", "", "R", 78.7402, 53.1496, 0, 0, 270],
		[598, "PAD290_1", -45.9449, 723.8189, "B", "SMD", "TIM2_CH2", "", "R", 78.7402, 53.1496, 0, 0, 270],
		[599, "PAD291_1", 723.8189, -344.0551, "B", "SMD", "5V", "", "R", 78.7402, 53.1496, 0, 0, 180],
		[600, "PAD292_1", 723.8189, -435.9449, "B", "SMD", "GND", "GND", "R", 78.7402, 53.1496, 0, 0, 180]
	]
}
}